-- MariaDB dump 10.17  Distrib 10.4.11-MariaDB, for osx10.15 (x86_64)
--
-- Host: db.mounoydev.com    Database: newsapp
-- ------------------------------------------------------
-- Server version	10.5.8-MariaDB-1:10.5.8+maria~focal

/*!40101 SET @OLD_CHARACTER_SET_CLIENT=@@CHARACTER_SET_CLIENT */;
/*!40101 SET @OLD_CHARACTER_SET_RESULTS=@@CHARACTER_SET_RESULTS */;
/*!40101 SET @OLD_COLLATION_CONNECTION=@@COLLATION_CONNECTION */;
/*!40101 SET NAMES utf8mb4 */;
/*!40103 SET @OLD_TIME_ZONE=@@TIME_ZONE */;
/*!40103 SET TIME_ZONE='+00:00' */;
/*!40014 SET @OLD_UNIQUE_CHECKS=@@UNIQUE_CHECKS, UNIQUE_CHECKS=0 */;
/*!40014 SET @OLD_FOREIGN_KEY_CHECKS=@@FOREIGN_KEY_CHECKS, FOREIGN_KEY_CHECKS=0 */;
/*!40101 SET @OLD_SQL_MODE=@@SQL_MODE, SQL_MODE='NO_AUTO_VALUE_ON_ZERO' */;
/*!40111 SET @OLD_SQL_NOTES=@@SQL_NOTES, SQL_NOTES=0 */;

--
-- Table structure for table `cat`
--

DROP TABLE IF EXISTS `cat`;
/*!40101 SET @saved_cs_client     = @@character_set_client */;
/*!40101 SET character_set_client = utf8 */;
CREATE TABLE `cat` (
  `id` int(11) NOT NULL AUTO_INCREMENT,
  `name` varchar(100) DEFAULT NULL,
  `stt` int(11) DEFAULT 1,
  PRIMARY KEY (`id`)
) ENGINE=InnoDB AUTO_INCREMENT=6 DEFAULT CHARSET=utf8;
/*!40101 SET character_set_client = @saved_cs_client */;

--
-- Dumping data for table `cat`
--

LOCK TABLES `cat` WRITE;
/*!40000 ALTER TABLE `cat` DISABLE KEYS */;
INSERT INTO `cat` VALUES (1,'ຂ່າວເສດຖະກິດ',1),(2,'ຂ່າວໄອທີ',1),(3,'ຂ່າວCovid',0),(4,'ຂ່າວCovid',1),(5,'Hotnews',2);
/*!40000 ALTER TABLE `cat` ENABLE KEYS */;
UNLOCK TABLES;

--
-- Table structure for table `comments`
--

DROP TABLE IF EXISTS `comments`;
/*!40101 SET @saved_cs_client     = @@character_set_client */;
/*!40101 SET character_set_client = utf8 */;
CREATE TABLE `comments` (
  `id` int(11) NOT NULL AUTO_INCREMENT,
  `comment` varchar(255) DEFAULT NULL,
  `date` timestamp NOT NULL DEFAULT current_timestamp() ON UPDATE current_timestamp(),
  `nid` int(11) DEFAULT NULL,
  `uid` int(11) DEFAULT NULL,
  `stt` int(11) DEFAULT NULL,
  PRIMARY KEY (`id`),
  KEY `uid` (`uid`),
  KEY `nid` (`nid`),
  CONSTRAINT `comments_ibfk_1` FOREIGN KEY (`uid`) REFERENCES `users` (`id`),
  CONSTRAINT `comments_ibfk_2` FOREIGN KEY (`nid`) REFERENCES `news` (`id`)
) ENGINE=InnoDB AUTO_INCREMENT=20 DEFAULT CHARSET=utf8;
/*!40101 SET character_set_client = @saved_cs_client */;

--
-- Dumping data for table `comments`
--

LOCK TABLES `comments` WRITE;
/*!40000 ALTER TABLE `comments` DISABLE KEYS */;
INSERT INTO `comments` VALUES (1,'test comment','2021-01-13 07:03:44',2,4,1),(2,'test demo','2021-01-13 07:03:44',3,4,1),(3,'test demo1','2021-01-11 09:43:38',4,2,0),(4,'kkkkkkkkkkkkkkk','2021-01-13 02:40:43',1,4,0),(5,'comment test 14:34','2021-01-13 07:36:42',2,4,0),(6,'Test','2021-01-18 15:14:22',2,4,1),(7,'ສະແດງຄວາມຄິດເຫັນ','2021-01-18 15:14:48',2,4,1),(8,'ທົດສອບລະບົບ ຄອມເມັນ','2021-01-18 15:39:36',2,4,1),(9,'<img src=\"https://media.wired.com/photos/598e35fb99d76447c4eb1f28/master/pass/phonepicutres-TA.jpg\">','2021-01-18 08:44:39',2,4,0),(10,'<b>ທົດສອບ</b><div><div><ol><li><b>ຢ</b></li><li><b>ຟ</b></li><li><b>ໂ</b></li><li><b>ຖ</b></li><li><b><br></b></li></ol></div></div>','2021-01-18 15:41:10',2,4,1),(11,'ທົດສອບ Auto Load Cm','2021-01-18 15:45:05',2,4,1),(12,'ທົດສອບ Auto Load Cm','2021-01-18 15:45:10',2,4,1),(13,'ທົດສອບ Auto Load Cm','2021-01-18 15:46:15',2,4,1),(14,'dasdfsa','2021-01-18 15:46:32',2,4,1),(15,'test comment','2021-01-18 15:47:08',3,4,1),(16,'test comment2','2021-01-18 15:47:15',3,4,1),(17,'test comment3','2021-01-18 15:47:18',3,4,1),(18,'comment4','2021-01-18 15:47:36',2,4,1),(19,'comment 99','2021-01-18 16:38:44',5,4,1);
/*!40000 ALTER TABLE `comments` ENABLE KEYS */;
UNLOCK TABLES;

--
-- Table structure for table `news`
--

DROP TABLE IF EXISTS `news`;
/*!40101 SET @saved_cs_client     = @@character_set_client */;
/*!40101 SET character_set_client = utf8 */;
CREATE TABLE `news` (
  `id` int(11) NOT NULL AUTO_INCREMENT,
  `name` varchar(100) DEFAULT NULL,
  `detail` text DEFAULT NULL,
  `pic` text DEFAULT NULL,
  `file` blob DEFAULT NULL,
  `date` timestamp NOT NULL DEFAULT current_timestamp() ON UPDATE current_timestamp(),
  `stt` int(11) DEFAULT 1,
  `uid` int(11) DEFAULT NULL,
  `catid` int(11) DEFAULT NULL,
  PRIMARY KEY (`id`),
  KEY `uid` (`uid`),
  CONSTRAINT `news_ibfk_1` FOREIGN KEY (`uid`) REFERENCES `users` (`id`)
) ENGINE=InnoDB AUTO_INCREMENT=6 DEFAULT CHARSET=utf8;
/*!40101 SET character_set_client = @saved_cs_client */;

--
-- Dumping data for table `news`
--

LOCK TABLES `news` WRITE;
/*!40000 ALTER TABLE `news` DISABLE KEYS */;
INSERT INTO `news` VALUES (1,'New Name 1','<a> News</a>','https://cdn.framework7.io/placeholder/nature-1000x600-3.jpg','http://file','2021-01-14 08:32:08',0,1,1),(2,'ເລືອກໄດ້ແລ້ວ ຄະນະບໍລິຫານງານສູນກາງພັກສະໄໝທີ XI','<div class=\"entry-content\">\n<p>&nbsp;&nbsp;&nbsp;&nbsp;ກອງປະຊຸມໃຫຍ່ຜູ້ແທນທົ່ວປະເທດຄັ້ງທີ XI ຂອງພັກປະຊາຊົນ ປະຕິວັດລາວ ໄດ້ດໍາເນີນເປັນເວລາ 3 ວັນ ຢູ່ນະຄອນຫຼວງວຽງຈັນ ຮອດວັນທີ 15 ມັງກອອນ 2021 ອັດລົງດ້ວຍຜົນສໍາເລັດຢ່າງຈົບງາມ ເປັນປະທານກ່າວປິດຂອງ ສະຫາຍ ປອ ທອງລຸນ ສີສຸລິດ ເລຂາທິການໃຫຍ່ຄະນະບໍລິຫານງານສູນກາງພັກ ສະໄໝທີ XI ໃຫ້ກຽດເຂົ້າຮ່ວມຂອງສະຫາຍ ບຸນຍັງ ວໍລະຈິດ ເລຂາທິການໃຫຍ່ສູນກາງພັກສະໄໝທີ X ປະທານປະເທດ ພ້ອມດ້ວຍບັນດາຜູ້ແທນສົມບູນ ແລະ ແຂກຖືກເຊີນ.&nbsp;</p>\n<p>&nbsp;&nbsp;&nbsp;&nbsp;ໃນທີ່ປະຊຸມ ສະຫາຍ ປອ ບຸນທອງ ຈິດມະນີ ກໍາມະການກົມການເມືອງສູນກາງພັກ ໄດ້ແຈ້ງຜົນກອງປະຊຸມຄັ້ງປະຖົມມະລຶກຂອງຄະນະບໍລິຫານງານສູນກາງພັກສະໄໝທີ XI ວ່າ: ກອງປະຊຸມຄັ້ງປະຖົມມະລຶກໄດ້ເປັນເອກະສັນເລືອກເອົາຄະນະບໍລິຫານງານສູນກາງພັກສະໄໝທີ XI ຈໍານວນ 71 ສະຫາຍ ຍິງ 12 ສະຫາຍ ໃນນັ້ນ <strong>ເລືອກເອົາກໍາມະການສໍາຮອງສູນກາງພັກ 10 ສະຫາຍ ຍິງ 2 ສະຫາຍ</strong>ຄື:&nbsp;</p>\n<p>&nbsp;&nbsp;&nbsp;&nbsp;ສະຫາຍ ມະໄລທອງ ກົມມະສິດ</p>\n<p>&nbsp;&nbsp;&nbsp;&nbsp;ສະຫາຍ ບຸນຄົງ ຫຼ້າຈຽມພອນ&nbsp;</p>\n<p>&nbsp;&nbsp;&nbsp;&nbsp;ສະຫາຍ ວັນສີ ກົວມົວ&nbsp;</p>\n<p>&nbsp;&nbsp;&nbsp;&nbsp;ສະຫາຍ ວິໄລວັນ ບຸດດາຄໍາ&nbsp;</p>\n<p>&nbsp;&nbsp;&nbsp;&nbsp;ສະຫາຍ ຮສ ປອ ລິນຄໍາ ດວງສະຫວັນ&nbsp;</p>\n<p>&nbsp;&nbsp;&nbsp;&nbsp;ສະຫາຍ ວຽງທະວີສອນ ເທບພະຈັນ&nbsp;</p>\n<p>&nbsp;&nbsp;&nbsp;&nbsp;ສະຫາຍ ມອນໄຊ ລາວມົວຊົ່ງ&nbsp;</p>\n<p>&nbsp;&nbsp;&nbsp;&nbsp;ສະຫາຍ ບຸນຕາ ເທບພະວົງ&nbsp;</p>\n<p>&nbsp;&nbsp;&nbsp;&nbsp;ສະຫາຍນາງ ອໍາໄພວອນ ລ້ອມບຸນແພງ&nbsp;</p>\n<p>&nbsp;&nbsp;&nbsp;&nbsp;ສະຫາຍພັນເອກນາງ ລີວົງ ລາວລີ.&nbsp;</p>\n<p><strong>&nbsp;&nbsp;&nbsp;&nbsp;ເລືອກເອົາກົມການເມືອງສູນກາງພັກ 13 ສະຫາຍຄື:&nbsp;</strong></p>\n<p>&nbsp;&nbsp;&nbsp;&nbsp;ສະຫາຍ ປອ ທອງລຸນ ສີສຸລິດ&nbsp;</p>\n<p>&nbsp;&nbsp;&nbsp;&nbsp;ສະຫາຍ ປອ ພັນຄໍາ ວິພາວັນ&nbsp;</p>\n<p>&nbsp;&nbsp;&nbsp;&nbsp;ສະຫາຍນາງ ປານີ ຢາທໍ່ຕູ້&nbsp;</p>\n<p>&nbsp;&nbsp;&nbsp;&nbsp;ສະຫາຍ ປອ ບຸນທອງ ຈິດມະນີ&nbsp;</p>\n<p>&nbsp;&nbsp;&nbsp;&nbsp;ສະຫາຍ ປອ ໄຊສົມພອນ ພົມວິຫານ&nbsp;</p>\n<p>&nbsp;&nbsp;&nbsp;&nbsp;ສະຫາຍ ພົນເອກ ຈັນສະໝອນ ຈັນຍາລາດ&nbsp;</p>\n<p>&nbsp;&nbsp;&nbsp;&nbsp;ສະຫາຍ ປອ ຄໍາພັນ ພົມມະທັດ&nbsp;</p>\n<p>&nbsp;&nbsp;&nbsp;&nbsp;ສະຫາຍ ປອ ສິນລະວົງ ຄຸດໄພທູນ&nbsp;</p>\n<p>&nbsp;&nbsp;&nbsp;&nbsp;ສະຫາຍ ສອນໄຊ ສີພັນດອນ&nbsp;</p>\n<p>&nbsp;&nbsp;&nbsp;&nbsp;ສະຫາຍ ສຈ ປອ ກິແກ້ວ ໄຂຄໍາພິທູນ&nbsp;</p>\n<p>&nbsp;&nbsp;&nbsp;&nbsp;ສະຫາຍ ພົນໂທ ວິໄລ ຫຼ້າຄໍາຟອງ&nbsp;</p>\n<p>&nbsp;&nbsp;&nbsp;&nbsp;ສະຫາຍ ນາງ ສີໃສ ລືເດດມູນສອນ&nbsp;</p>\n<p>&nbsp;&nbsp;&nbsp;&nbsp;ສະຫາຍ ສະເຫຼີມໄຊ ກົມມະສິດ.&nbsp;</p>\n<p><strong>&nbsp;&nbsp;&nbsp;&nbsp;ເລືອກເອົາຄະນະເລຂາທິການສູນກາງພັກ 9 ສະຫາຍຄື:&nbsp;</strong></p>\n<p>&nbsp;&nbsp;&nbsp;&nbsp;ສະຫາຍ ປອ ທອງລຸນ ສີສຸລິດ&nbsp;</p>\n<p>&nbsp;&nbsp;&nbsp;&nbsp;ສະຫາຍ ປອ ບຸນທອງ ຈິດມະນີ&nbsp;</p>\n<p>&nbsp;&nbsp;&nbsp;&nbsp;ສະຫາຍ ປອ ຄໍາພັນ ພົມມະທັດ&nbsp;</p>\n<p>&nbsp;&nbsp;&nbsp;&nbsp;ສະຫາຍນາງ ສີໃສ ລືເດດມູນສອນ&nbsp;</p>\n<p>&nbsp;&nbsp;&nbsp;&nbsp;ສະຫາຍ ປອ ຄໍາພັນ ເຜີຍຍະວົງ&nbsp;</p>\n<p>&nbsp;&nbsp;&nbsp;&nbsp;ສະຫາຍ ປອ ອະນຸພາບ ຕຸນາລົມ&nbsp;</p>\n<p>&nbsp;&nbsp;&nbsp;&nbsp;ສະຫາຍ ຮສ ປອ ທອງສະລິດ ມັ່ງໜໍ່ເມກ&nbsp;</p>\n<p>&nbsp;&nbsp;&nbsp;&nbsp;ສະຫາຍ ປອ ນາງ ສູນທອນ ໄຊຍະຈັກ&nbsp;</p>\n<p>&nbsp;&nbsp;&nbsp;&nbsp;ສະຫາຍ ປອ ນາງ ວຽງທອງ ສີພັນດອນ&nbsp;</p>\n<p>&nbsp;&nbsp;&nbsp;&nbsp;ພ້ອມນັ້ນ ກອງປະຊຸມໄດ້ເລືອກເອົາ <strong>ສະຫາຍ ປອ ບຸນທອງ ຈິດມະນີ</strong> ເປັນຜູ້ປະຈໍາການຄະນະເລຂາທິການສູນກາງພັກ ແລະ ເລືອກເອົາສະຫາຍ ປອ ທອງລຸນ ສີສຸລິດ ເປັນເລຂາທິການໃຫຍ່ບໍລິຫານງານສູນກາງພັກສະໄໝທີ XI ເລືອກເອົາສະຫາຍ ປອ ຄໍາພັນ ພົມມະທັດ ເປັນປະທານຄະນະກວດກາສູນກາງພັກ ແລະ ເລືອກເອົາ<strong>ຮອງປະທານກວດກາສູນກາງພັກ 6 ສະຫາຍ</strong>ຄື:&nbsp;</p>\n<p>&nbsp;&nbsp;&nbsp;&nbsp;ສະຫາຍ ວິໄລວັນ ບຸດດາຄໍາ&nbsp;</p>\n<p>&nbsp;&nbsp;&nbsp;&nbsp;ສະຫາຍ ສີໄນ ມຽງລາວັນ&nbsp;</p>\n<p>&nbsp;&nbsp;&nbsp;ສະຫາຍ ສຸກຄໍາເພັດ ເຮືອງບຸດສີ&nbsp;</p>\n<p>&nbsp;&nbsp;&nbsp;&nbsp;ສະຫາຍ ດາວບົວລະພາ ບາວົງເພັດ&nbsp;</p>\n<p>&nbsp;&nbsp;&nbsp;&nbsp;ສະຫາຍ ໄຊຄໍາ ອຸ່ນມີໄຊ&nbsp;</p>\n<p>&nbsp;&nbsp;&nbsp;&nbsp;ສະຫາຍ ວັນໄຊ ຊົາຊາຢູ.&nbsp;</p>\n<p>&nbsp;&nbsp;&nbsp;&nbsp;ນອກນັ້ນ ໃນທີ່ປະຊຸມ ບັນດາຜູ້ແທນສົມບູນຍັງໄດ້ພ້ອມກັນລົງຄະແນນສຽງຮັບຮອງເອົາຮ່າງມະຕິກອງປະຊຸມໃຫຍ່ຄັ້ງທີ XI ຂອງພັກຕື່ມອີກ..</p>\n<p><strong>&nbsp;&nbsp;&nbsp; </strong><strong>&nbsp;&nbsp;&nbsp; </strong><strong>&nbsp;&nbsp;&nbsp; </strong><strong>&nbsp;&nbsp;&nbsp; </strong><strong><em># ຂ່າວ &amp; ພາບ : ຂັນທະວີ</em></strong></p>\n<div class=\"sharedaddy sd-sharing-enabled\"><div class=\"robots-nocontent sd-block sd-social sd-social-icon-text sd-sharing\"><h3 class=\"sd-title\">Share:</h3><div class=\"sd-content\"><ul><li class=\"share-facebook\"><a rel=\"nofollow noopener noreferrer\" data-shared=\"sharing-facebook-14553\" class=\"share-facebook sd-button share-icon\" href=\"https://v2.vientianemai.net/archives/14553?share=facebook&amp;nb=1\" target=\"_blank\" title=\"Click to share on Facebook\"><span>Facebook</span></a></li><li class=\"share-twitter\"><a rel=\"nofollow noopener noreferrer\" data-shared=\"sharing-twitter-14553\" class=\"share-twitter sd-button share-icon\" href=\"https://v2.vientianemai.net/archives/14553?share=twitter&amp;nb=1\" target=\"_blank\" title=\"Click to share on Twitter\"><span>Twitter</span></a></li><li class=\"share-end\"></li></ul></div></div></div> </div>','https://cdn.framework7.io/placeholder/nature-1000x600-3.jpg','http://file','2021-01-18 07:42:59',1,4,2),(3,'New Name 2','<a> News</a>','data:image/png;base64,iVBORw0KGgoAAAANSUhEUgAAAVcAAAFuCAYAAAA1RFt9AAABQWlDQ1BJQ0MgUHJvZmlsZQAAKJFjYGASSCwoyGFhYGDIzSspCnJ3UoiIjFJgf8rAyMDNwMtgyGCZmFxc4BgQ4ANUwgCjUcG3a0DVQHBZF2TWgw8aXl+rko/N1GNw+6sbNx1TPQrgSkktTgbSf4A4ObmgqISBgTEByFYuLykAsVuAbJEioKOA7BkgdjqEvQbEToKwD4DVhAQ5A9lXgGyB5IzEFCD7CZCtk4Qkno7EhtoLApyuAcH+fgoBXgTcSjIoSa0oAdHO+QWVRZnpGSUKjsAQSlXwzEvW01EwMjAyZGAAhTdE9efz4HBklEhCiBXIMTBYyjAwMG9HiCXFMjBsB4aLxDOEmEo0AwM/MNy29RckFiXCHcD4jaU4zdgIwuaRYmBgPfD//6f/DAzsQLV/z/3//3vG//9/pwHN/8LAsN8PAC26Xt/rR7l2AAAAVmVYSWZNTQAqAAAACAABh2kABAAAAAEAAAAaAAAAAAADkoYABwAAABIAAABEoAIABAAAAAEAAAFXoAMABAAAAAEAAAFuAAAAAEFTQ0lJAAAAU2NyZWVuc2hvdC+jOT0AAAHWaVRYdFhNTDpjb20uYWRvYmUueG1wAAAAAAA8eDp4bXBtZXRhIHhtbG5zOng9ImFkb2JlOm5zOm1ldGEvIiB4OnhtcHRrPSJYTVAgQ29yZSA2LjAuMCI+CiAgIDxyZGY6UkRGIHhtbG5zOnJkZj0iaHR0cDovL3d3dy53My5vcmcvMTk5OS8wMi8yMi1yZGYtc3ludGF4LW5zIyI+CiAgICAgIDxyZGY6RGVzY3JpcHRpb24gcmRmOmFib3V0PSIiCiAgICAgICAgICAgIHhtbG5zOmV4aWY9Imh0dHA6Ly9ucy5hZG9iZS5jb20vZXhpZi8xLjAvIj4KICAgICAgICAgPGV4aWY6UGl4ZWxZRGltZW5zaW9uPjM2NjwvZXhpZjpQaXhlbFlEaW1lbnNpb24+CiAgICAgICAgIDxleGlmOlBpeGVsWERpbWVuc2lvbj4zNDM8L2V4aWY6UGl4ZWxYRGltZW5zaW9uPgogICAgICAgICA8ZXhpZjpVc2VyQ29tbWVudD5TY3JlZW5zaG90PC9leGlmOlVzZXJDb21tZW50PgogICAgICA8L3JkZjpEZXNjcmlwdGlvbj4KICAgPC9yZGY6UkRGPgo8L3g6eG1wbWV0YT4KoQaVSAAAQABJREFUeAHsfQmcHFW1/pnumZ7p2ZNM9oUkJCECISg7GlkCBAMoT1RWBTdQ0edT1Ico+pdVBQEXREABER+goCKCIAQIaxIChEBCSEJ2sm8zmbWnl//5bvfpuVNT1V3V2/RM3/P7ddetW3erU3W/Ovfcc88tW7ZscYwMGQ4YDhgOGA7klAO+nJZmCjMcMBwwHDAcUBww4GpeBMMBwwHDgTxwwIBrHphqijQcMBwwHDDgat4BwwHDAcOBPHDAgGsemGqKNBwwHDAcMOBq3gHDAcMBw4E8cMCAax6Yaoo0HDAcMBww4GreAcMBwwHDgTxwoDwPZZoiDQfSciAw/znq/tcjFGhvo/CY8eSfM4dChx+ZNp9JYDgwUDhgwHWgPKlB1E4Aa/DhBymIe/L7ibZtJrr3bqK2dgodd/wgulNzK6XMAaMWKOWn30/33vnAn21rBuCWv/227TUTaTgw0DhgwHWgPbEB3t7ytWtoSIXzgKnmjlvJ19w8wO/SNN9wgMiAq3kLCsoB34YNaesr+82v0qYxCQwHip0DBlyL/QkNsvb5OtvT3lEt62ChlzVkODCQOWDAdSA/vQHY9mhVtatWQ/9q1AOuWGUSFSkHDLgW6YMZtM2qcQeuuP/Kf/xt0LLB3Njg54AB18H/jIvqDsPjxrtuT+C1RUZ6dc0tk7DYOGDAtdieyCBvT3TUaNrTHXZ9l5X/edx1WpPQcKCYOGDAtZieRom0JTBlqus7DbzwvJFeXXPLJCwmDhhwLaanUSJtqZjgXjUAlpSverdEOGNuczBxwNmaezDdpbmXgnHAt3ULlb/7Lvm3byFq7yRqbKDuQw6l8KTJyTZ0f2AGQSJ1S5EnnyQyfgfcssukKxIOGHAtkgcx0JuBlVf0t4eoZv3aPrcSmPcUtY4cQ2Xnna9ANnzwwdQZiVAV/Aq4INi97mPQhr7WkOHAQOFAmdlae6A8quzbGQ6FqPqVl6lsxXIK79ylCixvGka+UaMoMnYcYSY/EwADsNbcfIOrBnaddgZ1zplLwb/e70l6Dc0+mTo+8UlXdZhEhgPFwAEjuRbDUyhAG2CQ7//RFRSMRXvXBo9Uy95KxrVUVlHVkUdS9+FH9RrKJxPYBPz/ecIm1j6q8rFHKTxtOnV8+lxP4Nr2xL/JZwOu+GCAygMB+wpNrOFAP3HAgGs/Mb7Q1VawJ6o6K7DaNKK+i/WkrA+FTlQB7Udm9dGZ2mTzFOW/8acUvvUO6jxoBlVpwJ6qEDh7aWMJWdfdQvqNPvcsdURjFDz6WOr+6HG9rqcqz1wzHMg3B/yXXnrx/8t3Jab8/udA+E/3UBXFPDWkMhImPwNaYMHLFH79DaqIxShWVUmx2rpe5fi53Io3l/SKS3VS7mMjlQ0bKHLKqarsVGn1a9F9+yhy+BEqCqqI4IP3E8oK+n3k3/J+vCwuNzZ1GrezSs9qwoYDBecAv+WGSoEDviyHzZhUwnr/uuuuosrbf9vL7yp2EGjbb5InNkJiLV+5QkmvbjMij/gbcFJFIE2E1R+iLnBbtklnOJBrDhhwzTVHi7Q8L4b76W4BAAa/q2U/vDzpvSp82feURUC6vPr1jscfU5Npely6sNi8hjZucEzayOqPql/f4njdXDAcKAQHDLgWgstFUEf3OefnvBX1Lc1KmgXIYgeByA+upNCsj7quByBIe5s9gXLZa4vj5Xd1pawHJmHKPCxlKnPRcCB/HDDgmj/eFlXJ0YYG6vjc5/PSJoAsJFmoC2BlAHMrt/4DOt9eSoFpU9y3a+mSuGqgsjJtHifVQdqMJoHhQA44YMA1B0wcKEVAN5ovgAUPlLqA7V3Ltm6j4KEfpL1l6V8vZZ0QqHSts8XCA6gGAuMnpGV7aPWqtGlMAsOBfHHAmGLli7NFWi4AFosFKp98guDSLx+EcrECK8YmUpRivyypO/T2MvKzyRfZrO6SNPrRv2wZI7naO1aP7hPGtt1tbAdrbGD7sMZEFIAD6UWLAjTCVFFYDmAVVseFn6e2iy91JV1m0jpImKk2ItTLhCVCdMIEwiosNwRVQvfOHW6SmjSGA/3GAQOu/cb6/q8Ya/wjN9zsSUear1Z70Y9CIu3esD5tU0LVNUZqTcslkyBfHDC+BfLF2QFWrvgd6H7qCcIE1WAg6HyDc0+j6LCm+G/oMMLEniHDgUJwwIBrIbg8wOqAWRU9+bith6sBdiu9mgs9MKRZP6tF4FM2MmK0Ukd0stMao5ftxSpzkgMOGHDNARMHaxFYDYWZeUwgtb++mJRd6iC8WYBueMx4ZRIWmbR/xt7BBiFrzC1lwQFjLZAF8wZ7Vgyhw1MPIN+uneSrY38Cg0RdYH1uyq8svIPhxw5rQHBag1VtSXeMzAejUrByzpyn4oCRXFNxpwSvibSKlVAdS95wPeNfCqyCw2+YjIUPYKA1jrtL4ZFndY8GXLNi3+DIrAMq8QootzsEDI67z+wuDNBmxrdSymXAtZSetuVesfa+4vn5FF30igFUC2+8nMIjmO+44wkLNAwZDggHDLgKJ0rkqKRUHu5HXnyBYLxvKHccgOlX9Uc+4mkXh9zVbkoqNg4YcC22J5Kn9mBX1soXnqO2Z54xetQ88Vgv1kizOjdKM2zAdZA/98DiRRSd/9ygs1kdKI9NpNmuWcebSbCB8tBy1E4DrjliZLEVA1Dt/sffBs1qq2Ljbybtga9bA7KZcG5g5jHgOjCfm2OrDag6sqZoLiiQPWWusZstmieSn4YYcM0PXwteKiaqKllSzZcbwYLf0CCvULlk/Mx5FGIrA0ODkwMGXAfBc61iPwCxf/7DmFMNwGcJe9my8843W4IPwGeXrskGXNNxqIivw0418oc7jF61iJ+R26YZVYFbTg2cdAZcB86zSrYUKgDf7283FgBJjgyOAFQFZR8/kzrnzB0cN1Tid2HAdYC9AHAHGLr1l8ZWdYA9Ny/NhY1s9EuXmAkvL0wrwrQGXIvwoTg1KfgIT1jNe8rpsokfRBxQE16f/5JZUjuAn6kB1wHw8IwaYAA8pDw1EbrYjk+fm6fSTbH55IDZQyuf3M1B2Vi2GvnRFUa/mgNeDsQiAuxftvwXPx+ITS/5NhtwLeJXQHmtuvrHg3YHgCJmfVE1rYa3HPdfezVhBGNo4HDAqAWK9FkF2B9A8OEHi7R1pln9wQHoYSNf/W/Crr2Gip8DRnItwmeERQEGWIvwwfRzk+DEvOaOWwlLnA0VPwfMHlpF9oyMRUCRPZAibE7w3rtVq4xz7iJ8OFqTjOSqMaO/g5BYjalVfz+FgVE/ANZIsMX9rAy4FsnzQUepfOzRImmNacZA4AAAFtYkhoqTAwZci+C5oIPIUK8ImmOaMIA4ELn+GmNFUKTPy4BrPz8YmNdUsLmVIcOBTDjQGItS+PLvGIDNhHl5zmPANc8MTld87Jr/Z1wFpmOSuZ6SA0Mqyil2w/Up05iLheeAAdfC8zxZY+Xtv6X6rs7kuQkYDmTKgfqWZgr+9f5Ms5t8eeCAAdc8MNVNkZjAqlr2lpukJo3hgCsOYKmssSBwxaqCJDLgWhA2964EelYzgdWbJ+YsNxzAexUOhXJTmCklKw6YRQRZsS+zzGW/+VVmGe1yhSPk62wnf0d78mpXKJwM2wVirKOrqK6maFU1UbnfLomJS8EBX+s+6m6P87usOzWvKwPxLhYJMq+ZCsHzyht+RpEfXJniDsylQnDAgGshuKzVoXwGbNusxXgPonMLmKLTRsdNoGh9I5U3NFDb6HGqwMZwN9GQIb0L37NHnXesXknRlr3k27SBws0tBLD1D20yQNubW73OwHPhFY0YSf4DD6HIyFFUU1ffl8+cc+++VpU/tmcX+bdtJWJ+0949hHKiu3eTb+jQvAFtLb9fbbwFUHjS5F73YE4KywHjuKWw/KbYNy/NzMsVS6gVe3aq1nYPH0mRI46hrv2nUmQsA+vEKTRq5Ghqa2ykRl+ZqzuKsmqimkF236IXqOPVheRbvrSn09fWuSpj0CdinkcBjEy+gw6m4IeOpMAhH6TwIR8i/4SJKt7N395ojJo3rCP/+xuofMtm8q9ZRZWLXqKKVSuou6MzDrQ55nlLZRVbENzspnkmTZ44YMA1T4y1KxaTDZ51rTqoHnY0tR87i9qP/AjRxP2pjKXWIX6fAtTKhJ6ti49R9p6UinzsAIRqa3slqXrtVdr35D+p4z+PE23eRDSGJeASVhlEtm9T/PEffjQ1fPJsisyaTT4eGSSptdUdnzlDZSCgsnXxEUC7JxIlHwNt5eIFVPnaAvK/8qLiuZJmcwiyHWedbbbuTj6wwgcMuBaQ59GvftnT3lcy/O8GqM49k9pnnUgE3R3rV8dXBKgiUKE6rhtATXWbOthGWMKK3vcHavvTXXF1AQ+BS4lk2E6HHEoN376CYscel7x9SPvZEPgMoG1tbaO2tlba3dCoigu89TrV/OtvVPHsf5S6ByOTXBBcFHbdekcuijJlZMABA64ZMC2TLJ78s7K0CukRkkzrly6l9s9cGK9y3XvUwLrVIaxLDQaD1NHRkUlTUuYR6ayMO3vzLT8l2rA+L8PWlI3op4vR999XH5Tacz5HFVdcHW+FCwnVa3MFZLdt20b7MDk2dBiVsc479s5b1HQLLwZ48bmc8dxIr16fTu7SG3DNHS8dS4JpjI91rVhJk44gOYG6TziF9pz7eSr7wAzV6SpYUoVetba2hrKVVNO2IaE2gKQWufVGan3g3rh1QQ6HrOnaUNDrCd0q9Kq6tNq9ew/5We2SL5IP5B6eaGzGhBerejAqqX70r1QNnu/YRtlKsZBe227+DZUnVBP5uhdTbl8OGHDty5Ocx8CVoBuPV+hMmP1v/vHPKHTSaRTbzRNY27YoaXVYU5MaUrqRVkUyClg6VIhB3k1+MCDCesGKoXFrA0ixu6/4luKLf7CpCRKjhOBFFyelVS/DfwCklc9g1D6XEq88K6gKNm5aT/76BoryJCV0skOuulxJsdnqv7tOO4M658xVz8/8FY4DBlwLwGs3FgIipey86Q4lrZavfpe6u0MKWMeMGZNSWgUQQsJq0CZcAKQy7MQtQuodmgBLuWU3AIDOj8mvspfn075vf0VljQ4iCRaqgJrPfiEJrOmkVfDaysfdLOG28PLTdkidmGRktY3+LNzwGSAtAKuYDCmWadSPL6PwY49kNcG4h21xfbfdqcozf4XjQPpxauHaMihrKn/7baphz0WpSIC1+df3EI0dr9QAbKVKUAVAYk2nBpDOvm7dOnrs0cfo2fnP0vbt22nb1m3U0RnXywargjRy1EiaPv0DNHPGIXTCSSfQgR84UDWrGcP/BEBb26ksD/i6jyd26n54LTV/+6tEg2XxAfTJPHEl+tVUwKqDKj5cf//732nhgkW0fNnbtJVHHB1tHYrX4HOwJkjjx4ylqdOm02mnz6XZs2crtiIfANRO1YARBVQ+Q4cMo91sG0usXyf+IG77+W3UyGVWPf6PjFUEUEe18Xto9t6yvt35PTeSa375S3DOksqHgFgE7P7pr+OqAJ7UEBo/bj9lEWBnWqV39jeXLqFbf3MbPfHEv2njxo2SnYY3DU+GEdixc0fyHNdOPfUUuurqa2jixIkqHhKYXcfHRZFg2791cVySmrCfyjNQ/0S3HfzLv5XNaipgxT2KJHrrr2+lX/36V7Ry1cpet67zWuczEs0+8ST68sVforPPPlvlSfUxA5937dwZ18EiNQMsJruGXXJeXEWQId87D5pBXZd8TdVv/grDAQOueeQzJrJqvvV1Z5eCCX1fF1sEtH7rBwRVAAjqAEgwI0eOtNWR6sD67W9dRjffcpPKhw5eFaxS4XR/nWy8DhBAnm9/+9t0+fdZv8fk1PFRJ3Sw0Ee2fuJEirA+eMDqXxN8b7jpNoqd/kl1T3b80vk8b948uuw7l9GbS95UScePH2+XxTZOPngA2V/cfAPNZGkZZPcxA7jiY7qOt9NOElQELMmOuPhcFZWpWmbXjb80E1tJpuY/kL+p0Py3vehrqGaJEjt2OhFWXEXOOkcBKyYwQKJndQJWpIEaAJ39gGkHKGAFQKKzC7ACONGh9R/y6YS006ZOUwD7/Su+T0cfdTRBAoaEZie9Ig7AClOthuviYE4AqQFIWHWFCSwAK4/Tbe9AB9aLL76ETjrpJAWs4LMdsKbiueSZ98zTdOjMD9IPf/ADVSfUAKhHJwArABajFhBUQwBWWI1gohMkUrc68fBX/crLHlKbpNlywH/ppRf/v2wLMfntOVB2/58p0MwmNjak9KxTp9PuqxmoeCIElgHRaBysRo8aTdFYjGL80wkdcciQRlr+znIFhrt271IdvVwz8QKgDhs2jE4++WQ6dc7HaMaMGRSJhmnlypVsbVBJdXV1FA7HnY3gCDDFD2X+7ne30ymnzKGpU6dQV1eXXnUyXIa8+0+jTl5s4FvEnTVhCJ9MUOQBBUyNQ6jqptuprKqKulkH6rMsGRZghY70hBNOUPpVfMDGjR2X5J1+m+B5TXUNfexjH0vJ81Hsi8Dn89ETTz5JLc37aO5pc/n7FOnznPHca2qqqTvUzZNkbQpgffysuw8/hnccYNXNS89nxPcQO5uJHvthvekmnEcOmAmtPDEXKoHKNauJxcC+NSQkvvZzLkoaj0NCEalV7B/1jNLhMZQ8dc6p6hIkT5mwQgQ6+VlnnUU33nhjUo+KeIDEVT/5CV173XU4TUq46iTxh7KgRzzzE5+g555/Tk122Q1b0eErOM/oT11AO3lFURT3Um5zj3rhRRSG05TgRZ9SEjgkcTspHRIl6LzzzqMXXnghKanqvMZ1TF6BZ0cdeRTdfufvksN9XAPP77z9TvrJVT8h2LFipID8OAKoocqZOeNguvALn1eqGOTRCZOY9WyWpexfExcwutl34SU9fgk8ruTy8/vYyeUam1ed0/kLG7VAnnhb9f4mR5UA1AFqSesppys9qxr6JdqBDoWOZSXp8Bd+9gIFonbAik7+0EMP9QJWlAM7zGuuvZauv+76XpNaeh3o+KIm+O+vf1Ndkjr1dAqMeCjdedgR5DtmVtKxiZ6mWMOQWrHqzXfBFx2biI8Y+PWvR/9FDz/8cBJY7TIIsC5YuKAXsCItyrj0G5fSr3/z6z48F/XNRV/8AsHCAyMH1KsT1ANY3owVefjogiJs7oXJrfZTz9CTug5DRRVgCdhQYThgwDVPfPbtinuw6lO8SK3sKwAkHUekVnQoO+sAdNYHH3yQ/vX446rDW6UolAXpKRVh0mrWrFkKnO3SoUxIVdANQqeLOq2dHvmkfTWz4xK0XVnFGAcfrPggKI9WDrpW+aBcc801rm7hrnvuSpkOFgJ2PMeHDPSNSy9VR6lXnST+4IfAr4188BGG9NrFC0y6WaWUie7Vl4cl03qbTbiHAwZce3iR05ATuCqplTsGnLD4Wc+qS63oSOJBSW8M1ASg63/K685tCOoAdGCZhbZJkow6+9Nxc6BkhCUgUtUtN8Unrew6vWSB6z0f9IiJJbsSX6xHOLYOfvAI1Tz5QOhtFan1j3fdTQsXLUwptYLnmP0XW2G9HGvYjuf4kGGiCx9Lpw8ZRjA1NXHvZfIRhvSKFVxdR35YuYi01pXu3LdhQ7ok5nqOOGDANUeMtBYT4+GeE2FYh+EdOopO6EhWlYDe4WEGZDdTjTJGjBihF+UYruWJknQE6RWd/uWXX1HSq216lvyUBDh5StIrv226YonkEUN5Qz0FD4qbQdk1Cx8S6Er/cM/ddpf7xDUO0VwQ9rnaE5GO57fddptKbP2Q6aoBKQ0fY0x+7jv140Rs8+r1w+Zfp5l4SaHmmBcOGHDNC1t5QmP1qj4loyN0D2miMJyxaFIrpBJ0GmXuxLo2naAmAD36+GN6dK8wwPCtpT2LD3pdtJy8+dbblpi+pyK9PvTXh/peTMSI5BecMo3SbXXiWEgBL2ArHOzY0M7tdSKoQRYvfq3XJJZTWsTngud4dosWLVK6V9TvhiqgN2Xb1/IZhyZ3pHCTD2lCmza5TWrSZckBA65ZMtAuOzYgDLS39bmktmZhSS80ZTqpDqKlwJp0tQpKi0Owjtf1Y2366vfY8sCBAIaYXPnp9T91SBGPxuz/fff9qc/KLadMq1auUJfs2iV5yhmwBgKpPa94cki5VHTQt+I+3njtdVe3gxGEG57j2aXiOZ4dVAwLFy50rFfXu+qJWg46RD91Fe7eZNQCrhiVg0QGXHPARGsRsEl0WjyAfZeUw2trphTnGzduoN27dqcERUhAWAyAobwdoQOf8NHj1Mw1HIu4oY2b31fDZAC8E/nYFyn24BoICwqwxxhIpG67e9qydbNdtG2c8BwTjU50Hk9oYSVcOp7v3O4wAepUMMdjix+18WFikjRF0uQl+BnAx99Q/jnAvcJQzjnQFt8Z1K7cMC9r9Up79zQTVgClInRedGLYqV5wwWeVw5D9999f2Um+OP8l+hnvCAqAtZpwOZUJ4IAzEnjWctLzOuUt1vgutkuFxlmWmOrtFOl8+w73ICeAec455/Ck1DPsO+AzpPP8zrvuTK7qsrPu0OtPBerQxStnLnoGLDyBe0L2UAZ1k5clsfj4RxMfGr1IE84tBwy45pafqjQnSwFcjLCdpVeqqY1bC6TKh84L4ITBOgzU8QMoig8B5HULrKnqGcjXKplHTpRKmnXKA55jWA8+33nnHepn5XkuPkzYEsZKUDGF6lgS59Vm5NVaI8XH31qPOc+cAwZcM+edY05MnvQhD0M3a144cYGUBOBMRXpnRzqRdqWDp5Oe9LIhBU+ePFk5j8EMeqnQiOFNGd2q8NjKc7eFjR41xm3SZDrdjC8Z6SJg+366yGeSeOOA0bl645er1GWdNkP48tRLROFo2U56ArCh48IXKwDPC0Gqwi9TGjd+nDLFspqHZVpef+eDWiAdzTjE+ySRXmamPJ9+4HS9mPyGjeSaX/4mSjfgmg82h2ycnriQXGHTKro/aZZsy3I4LzctNB1+2OGqSjvQl7Zs6bS5V7lYRMeqMt7iOoVaQJp61FFHJdUpEpfPo+jBDz88zmu7uiIW8zy7NCau+DhgwDUfz6Tdm+SK4Z2swLE2R5afwqN9oQhDW0xonXPuOemr3JtYq55GMk9fUP5ThHmWfG80ZrsKDrVjlDCRHYfPZE9iXkcJ2bT+uOOPV/4F4EvXSviwYVRjaOBxwIBrPp5ZdWZDcezDZF3+ioUF6PTYKsRujXqumw9PTwAW7FIAoIGdph1BwgZQ+dnLFKTCYidlsoQdVtmhTpeDsT62YAFd8pWvFuR2RD976dft6wOP8XGVRSbWRqkPsgtp3JqP/SP2iTIRueeAAdfc85TITnJN1AMwciJIKFADWFUD0um/993vqazSKZ3KySZeJs0u++53VDFwMWhH8hEox35PA4X27ulr0qS1XT5kp59xOs05+RRHBzdalqyC+Ih9+csXK58Qdh8x8BgfXDvCxyKwj6/xByGKPc28kNG5euFWxmkNuGbMuhQZU0iulSuWKefY1tyiGmhpabGVXtH50OlTuQ20lpnJOTr8D664ItnhAThWAvhjkquZHWb7V62IG7JbExXZOQAI9qDVK99RErc4w7E2Uz5kv7vjdnUJOtFcE0YHKHfmoTPpN+ySEGT9iIHH+NA6qgQYXMvfeYvgCMizP10jueb6kdqW17fn2CYzkZ44wB7/7UgNTbdvIdq2haIJT1fWdPsYAOxm59H5oB6A28DPXnB+XqQqdHh4eoLvV9Rl7fDSVkhUe9nzPjq3j5dTepacpKBCHlknDNtQ/5pVtIeH2nY8RnPwMcGHDCqR3/zqN6qFGCkAEHNB4mAbOu1H//mossawc0oel1pbHFUCaEvle339V7hpY3RYk5tkJk2WHDDgmiUD7bLHePsQO8IqmoqN65X0FGGvWFYS6XUv27NaJSt0epGq7v3Tfcr7fS6lKpQFne7T855SzUJdTlIrJCoAlJ99iyp/CQxcA4UwcoDTHHw4rDyWe8A1ACycXctIAX4EsgVYAVbUc9dddymrBExiWfksUmufVVmJBuLDDHeVA2XUIHwttaMB1zw88VSSXDdLQZWvLUhZK6RXO90rOiGkHNBT856m0+fOVRJsNiCLvPhB9/f888+rsu0kKXWB/yBRQS8LgKp++QWJHhBHeCTzLV9KgdUraCN7IrPjMW4EfNZHCg888ICyngDAZkqQfpEfNstPP83PjlU8dtYBKF94jLB1oQAmsfBhrly8gCpYJZPqXUN+O4qyPwhD+eeAAdd88DiFTgvbjPhfZecqvKNnt81LLtIrAAydzDq5JQALZyqPPvaYGrqiwwpIupnsQhpJjyWxAI87EjrGVMAKSQ++Bpr5CIACUAGwBgyxhI09tCpfmq/86QqP7doPPgN8IcFiN4FFry7q9TED/9LxWuczdNlQ5yxZ8qay/HACVvAYowZ97yy9fXg/yljfmvxA8z15oT3sMNz4FfDCsczTmt1fM+edY84yli4Dr71qez0GfeyG9eRnpxvdJ55KEda/Wl3K4Ry7fkZ56I39lWS3VikQu5W2t3eofMccewxdeOFFVJHoZK28Dh0dHxNjTj/sYjplyhS66MIL6cG/PEgzZ85UINLmoApAvQD5btbD7uTta6IsOdXfdSsFWOca5d1kBxLhPvysmuk+ehZ1sYeoMPOxsbGxD4/lnsK8+AP651GjRtF5559PWFixe+cuxftOXom3ZesWRz5jR9ip06bSKbwt90033UyXXfYdpYrAB8y64yzqQ9sUIG9ar6q3k1qjEyZS4I2FVHP7L9kbWQWp90ka6+IYGTOOYuwdzVD+OVC2bNniWP6rKa0afNzh6q67yvGmxXv89jvuV06PIcXadSQUAL8CI0eOVFKUXYGwgxw6lJ13JAgb3sE36No1a2n79h1sqdOqrtSyZ6URI4bTwQcfTAfPOFhN2EieVNIqypd9vd5nF4TdY8ez5PcsDb38G3Gp1aPkJHX265E/bpGzzqG9V91EMf5AjB+3H2EXAEiqTgQ+II04tAbPVqxYofy/wqOV7k0L/gngK+CDh32IZhwyQ/nkRbmQgp1WuwFYcU3xOOE83a4t4H/T/3yJKli11O1x91eU13nQDOq65Gt2RZu4HHPAOG7JMUNVcTxsS0XKPRx38FF3/5a2/fw2KuehnpVEPSCTGk4Ai+GrDDExpMQsN37pCNKYgAnKcCIBHXR6sXCo+8Ot8eQDEVi55VDNVDz+D6o4/ZMUmvEh2sgft3QAK2oCDNnxscEH7VgeNeCXjlKBKvK6AVboWst4B4vqR/4SB9YM1TE+lsANFYYDBlzzwGfotKDbgmNiR+LhWdkzT1KQO0vHJz6jJCir9GoHsDAhcpJ+AJYCmFIvOi7IKY+kszuK/m8rqy5U555yANXdfC3R0iXUzfs3DVTCxw1WDvU3X0c7b71XqWg28lBcRgmpeAyQBS/lgyY8ED7j3AuvrTy2vgMoT63EGjmasPNr9e9ujtsVZ/hhizR6d3mJNhjyzgFnkcV7WSaHxgH/sDQzstw5YPda/ZsbqXz1u0o9oDqRVgaC0tkgwW7evFl1XHRIt4SO7qWzo1wABX6YvALoqHbxnk0YQgf/dr+S/NzWX6zp1JCaPxJ1f7xd7aaKdmbKY+QVPrvltR2P5VmjPJ2gn8fuFcN/eb3S13txjK2Xg7CxcbVyJH/nBlzzxFtfsCZtycrulVfYNFz5rXhalk6cABYdDzPIGJ4D9NA5AbI45oqkTADErp07e5aKcrswQ910y/VK4sumc+eqrbkoB+oBfCwqFr2ohtwoU3iM4b/woxA8tgNWeRewlXb1X/5I4cceIeIRT1aUwpIlq3JN5j4cMODahyW5iShvSiO5JqoRCWrI9T9U5kHkALBIjg6IDgcJC+AHAAAQovPLz2vrBUCQD7adAG4AeNIUiNsDqWnk99i5yIvPZTSJ4rVNhUqfVA/8+LtKKodOU3gMiT2fPF63fq3iMeqzA1bwAPFhVsUA/Gt/f2t8xJChOqBQPDX19HAghVKwJ5EJeeeAT5vBT5ubpZEqnmAZyR6Otv7kF3EVgY0FAcqRjgjwww/n2Dm2noeO0Ad6kbIAzABUrAjDwgWRlKQezEwT6yYxOx1mYM1aakLBRUb4uFXs2EYjLj6Xmn/8MwqddBpVsJoGvCgEj+3YgbqhCoDECp18w9WXKxVSLkYMZgGBHcfzE2fANT98VZvHuS6apRFljM/DviZeDrnnRz+lKEtRBF2sRuh0Aq5yVCCQAAIBWrGbxcZ2VpL9mOCAGU5BkF8I+aUOSEzEOtamK/6baCW3YwBPYMn9OR0FYGFe1vyNDdRx4VfV0t4Ie6QSnjTniMdogzw7u/ao58GjBdgS1/LkYe2f/5AzYO3kZ26ocBwwdq554nVg/nMUfPhB76WziRaArOUnN1D3kR8hzBBLJ9cLExC0xunnEhaAkHP9qHd0lKlLTLU3XqV0rEp1kciEDuq0bbhe7kAIW+8F9sewIuiceybt+Z8rlDrEaoOswM/m5lLxGMl1PttkT37UMFqA3wBMXkHHCr1wLiRW1Lm3zEdlv0yY0dk1wsTllANGcs0pO3NQGAMrhqnDvvY5aj3/i7Tvwkt4JQEvMX1/Y7IDoha9swrQ6nHSEh0M7K4jneSHzjHC4AJzK5GYAKyBsjIKxWLKvCzIq8MGC+EjAZM53NMwNptrYxMtrNX3P/wANfG6/Z0/+pma6IpqHzg7HrrhsRPPknlZWg3zc658+jGq+8U1FMZHltVF0RzqWMtHjCIjuzo9idzHG8k19zxVJQYWL6LgvXenLF0fpqFzd/NaOYAYSO1FD8faHzmeWr74NWXsjhl7OEyp4H3nnUiA0um6xEs6+Dco404dY1Ct/s+/qPqBe5Qdq5pJr69XyXcxAO3GSjDW6daXlyfbKGUN9ONmeMjiDwjskmsYaNt4hwV84GAq1/HJc6n9M59V+k/wCFKl3UjCjgfCY7km53LEogw4YcFzhTle1aMPKesFSM/6aEHaJO9LpiMHszpLnkRhjgZc88RnN+CKqtFhOrgzdzCoooOPq6xQLRKglU7uO2YWtRx0CIVZusSqIkXo7PzzpVi2GU/Y8686NHdmAdTAW68rv6zwcIUllaDAyPgqnk1d3apdiBuswCpSOQBWaAyvwAKgdbB/Bjh6oUMOpa4jP0yRyVOp6/CjewGtF96jfCugVix7U/mYreQPG3xOiBoA9YPkw4Z3A5RyYYpK4fwXmn0yL1j5pHMCcyWnHDDgmlN29hRWvnYN1dx8Q0+EQwidG7SNO/f2UJhaGWxHVwVIOjiutXG88jjPYTXxNXkKtR87SwFthGeU+/iGZcBNEgOpTsoPKA9z4ei6ftlSir7yggKQCt6CW0AVHXpZW3yTxcnBSgX4AvZ6WYMpDDDDfa/v7E4+g4mVbCbFj0dAFjzqnjpdAW1oxqEUnTgl7tlM53EK3sPyAo7SK5n/gbeWUOXzTxP8+8INpT5SAK9bwr3bkouPW8dZZ1PouOMH02Mr6nsx4Jqnx+MWXKV6GfpBglrb3qWim3iYOiJQnhyuIhIdHdIqSA0dJ0yiCEua4SHDGGR5aWMjH2t6FjD423jTPd6hFXt3Yb8r/7atRGtWJ8FaABVDYegfAfDvR4nGsgX0ATVVyWGyqnCQ/+FDBzCFxL488XGZVF2ZlNoFaMF/qAyi4yYQ1TdS1/SDbHkPdgn/sWuA4j3vROFj94NSRjChegH/MYqB+mVLZ4g6+RzPf7+qirg+mM+zpbaLL6UwO+4xVBgOGHDNE599bFJVd+Xlnku3gmyXv5waYhGq5cmXugq/6ujQuQEIwvtaVPkCtjhRW8lYarVeVw6WeaJEVBIiMTeX+akyEqYDGVShnhjs0qqFTclTeQbvMsDiQwOeAOh0/iOxWBdIRjve45qV/+V19UpvLfyHSmhfN3vE4rpA+LAJqObyGey74kcUHcWLQgwVhAPGWiBPbA7xZEVa5y02dUOCAU1NqAbikmyYmqE96IpwR++iKh7CKrANxLeTCVbGfQ3ITH6VJuR0Ih9LWdDrglRHZsmM+AcVBAAVVMnXp1f7aSKXBQlN2qEultgf7h0frw/VBWk/pSJJAJ8d//kZQB8qvAerhP+K94hI8B+8B+1rjbs2BP8hoeIDCgAfq0mqANVcPgMAOdphqHAcMOCaJ16X8y4CZbxbAHXFdZdeq5EOroMspJud3EcAiM2QqBLqAykboOtE6MQ6oUMTlwOpOK7jjasAct2p9ToHUhhWGyFmGaw4jmmoTerEM+G/Le+ZGfig4ZlNqsSIJD78B49yCarC8xA77o6xtzZDheOAAdc88toH927bNmdcg3RwSFEA2e7K+MSXDCNbY2VK8tErQEdOBbJIi+tNPPTEMHcMS14YBhtQ1bnYExagg5pkJFsR6BOP+mfTjudOz0LUPCN4I0sx/0KNUldP7bkL+VkdEM5dcaYkFxww4OqCSZkmUc5bsgBXqVdAFudJUy0GWswoY7gPnSkIw0yQVVJCHDo/VAmYIBOjecQbUAUX0pMAH/iPH86h9kl+6BJDfLuShPe6zhYfNFCh+F/BW3kbcLV7OvmLM+CaP96yeU3P9iu5qkY6OcqDQf8w7qPS2ZVejeNFvyp1AkwxCVboDi31D6ajzn/50LUF4jP9Vr7jvoX3YomAOJShl4O4fFNs1Mh8V2HKt3DAgKuFIbk8jcHJcR5Jl2hRDcAWk1FWgnQEKnSHjtc6eP91fsqHznq34H38OcV1uNbrhTrPZAvuQrVtsNZjwDWPT7bQL7QVbPN4a6ZoCweKnfdmBwLLAyvAKU9rGMobB4zX97yx1hTsjQNRl87bvZVqUqfigAHXVNzJ8pqRFrJk4GDKHo4o21nRexfy1qCLD7GDHkOF5YBRC+SR37IVdR6rsC16jD9KmzZsofKGeuVCj3Lots62QhNpzwEGVF9nO4WbW6iSrTQ6WP/aMqyp4P5wQ0OGEuyuDRWWAwZc88lvXhEDqSFTF3Fem4YZadhhPrMvTKd99gvU8foi8m3aQN3t7VTGZkMxNoivqOY18eyz1ACuV+6mSZ8AUuE1UquPG/sfiJ0wnao/fBzd9dZKeuAvD9AbI8poc6Rwg0Y/g6sxw0rz/PJw2YBrHpgqRUZ5RUxneQUvh0wsGpcLeTzWs3OW+z/4cTr+8qtoPBYHvPYqdW3ZSNuXv02VK5ZRNOE4BNIUSAAXYQO64IILsgCpj5euRnhBAI0YSf4DD6HglGlUzqAaPOhQis2YSYGE1Dh3ToRW/v3vXEHcHtlFTTlJUjFhvAHXnHDSWyEGXL3xy3NqX10djwWbPefLJANmrMePHk6j3llEu3dsp/EjefO9w46gCjqCak//pCqymR3KVK9emQTcmi2bKMxu7zp3sRNu/kHCFcJQVndGkrR+GMxqBgZOEIbzQiKNCogq6Z+N8v0jRieB1MeAGmEwbUixxBTOtqdUocsVFlzzbRIofDLH3hww4NqbHzk/w5CsUOCqN/6+R+bRzIvP06NUWHV+C+CGQiFq37qZynk7aeJdDkJL36Bu9sTfzUBMLOlSJy/01KQ1FOTnuCj7J4DkCwLgCBUdCCcAE+3TQRPeqjpZD4oPigAn0vRSnTQO4X3FGpVbxyBvwRMYP5EqR4+nzgM+QHXwHeGBXnrsaVrdyR+vuJ8dDzmzS2omVrPjX6a5DbhmyjmX+bDskHiP+kJRc8xPZ1IrXfHA/fQjBleWm9MShq2BCRN5Y0T+gRJS7j6EW1spwlub8EbPFN6xi7q62mnL5s00bMcW2ruvNekjNsrbfIMgAWOlEtQTQgJeAGMhAWWcVyUWPuhSsqRLdRRXfgBIIV3yBmBaPwDtrAdXOnAGzSiDZiVLmm2jx1FjXa0CTuJZ9cpK3nZlOM+uNzRSd5DjbSaD4vtFSK3pj29u20aXXXUz/bEGXO35EKXPmX0KA67Z8zCTEnre9kxymzzpOdCY31Va1gZg1dAZQ4L0pdcX0lV3/B/dYCO9WvM4nStghnSWkNAqJkxmFQO7Q0xkYJm8F23cuJH8PIF3wK4dCoQhBW/p7KKR7a0UbtuXBGNkquzs4Fn0uLokucFKAqCThXKaJFX1FfcAjiA4TSxPDMe7OB0chzeGudQhQ6i8po6XIQ+jGt6qpYw/FHtr63noXq9As4tBM93HJxdz7ODLCaddQKGt79OnjxxC+ACythtNLwhFjRlWQfhsrcSAq5UjOT6PwDNWP9DpkybRzT+7mX503sc9D18zaS7ksUt++HN6/I+/Jpo4UYEwyhEgRtiOE8gnVMnqCZ0qOlqTp5AgdQIwCqUDyI38wfnJ7+9XH5o4HPM+YZy5pwQpKffHl19+hWZ/8X8VsF44lXfxZX2rvmw29zX2LhHOZXwp9MC9U5uzXHKgcPYguWz1QCqrH1ZpQTK6iVEkxlu7zDn/awXh1pxPfI6e/Ofj9Pa6tZ7qAzDKT6knoKJI/MoahpL8JE6OkicdsKIxt1x/C914yfl0LLcRYFcI2r17D1127c0061MXU6h5DwVGjaUTyjRJvBCN4Dr8w4YVqCZTjZUDBlytHMnxeXJyJ8flpioOklFDWYSunjGKFj7/Es298Bupkmd9DSCCekA33Hpv1uXlsgBM1t394D/IN/pg1UaAHfgxb968XFaTLGv5O8sVqB4y52y65cbf8LbZvPFjwxAaVltFJ9ZVJVQCyeR5D6gJ1bzXYiqw44DZQ8uOKzmM87pRYa6qFgfYB2zjDr1xE13wpc/Rndd+33ZyJtM697EO8+s/+QXd9/t7lWSGciClrVv4OI0fPz7TYnOaD0AKibph/DhVbge7qYLuE1uefGD6RJoz+0T63BkncPjAjHgD8F65+X16/pUldN8Df6dFb7+jRgwov6EprghBnefWddEfhkQKungANxya9VHq+PS5OeWpKcwdBwy4uuNTxqky3agw4wq1jFgGe9/eEF3c0qgAZfSU/ensMz9G//O5T2UFfuvWraNf//nv9OA//k1bVr+ngDWY8HXYvHM3jR47mpY++SANzYM/W+320gahBoBELcBqzYC2YrvrMt41dxS3dcKYUdTIE5DDRzTRiKlTaRLvoWWltfs6aPuqVbRj+07au7eZNmzeSrtaO+OAzYkx/BdeIC+AFeevDmulyYHCrsxC/V2nnUGdc+YiaKjAHDDgWgCGR7/6ZbWdRwGq6lUFlsM2+SJ0XEc1vbojLlUCTJT+78iZdPqpJ9I5c45PC4KQUNfwdtwvLVtL/3riGXp20ZtJ6U+kM71iSMoA8v4CWAzNT/nc/yjgdwJWvb1KmmWJWxHzpxexBAqeqc397K5xYgz7dUDV8/en1Ip2dHzu8xQ6/Ei9SSZcIA4YcC0Ao8u++y2qz3CjwmybB+l1WWeUjtgen20HCLS0tceHrlw4QFCX2Joa61WVO/e29JLOtvIEDSbIQJD06tNM1AnA/uWXP6Fjjz1G5SvE362/vpW+ecs9qq1ugDWfbepvqRX31vat71J40uR83qYp24EDxhTLgTG5jM52o8Js2gIHIQfxsnfo/O7fxxtvMSlgTIAjQHPL+7wKyyqVSaWQ3JiUdJbQW8qlVEcAG8rFBNKck4+nyz53Js2ePTtVloyvvbl0Cd376LNJNQXAv7+BVW7mzKrOflEHSP3GxlU4UfijkVwLwPPK239LVcveKkBN9lWID9GD9zQo/aDTENY+d3axasitTSAddtjhdNSHDqEDRtTT6DGjadTI0bxGocb1ZBJMnDbyMl2oKBa+vpRWrXzPdhIpu1Znn1uXWrE9dyFtW6X1ysb1tjvl1BwLzAEjuRaA4fnYqNBLs3exITkmU+bX7qLjaFhBARZAHkxIvO+sWEfvvLGc7kPjWSIWEyWcQjUBwoQSCJNKIEwcgTB51LJvD6/y6iJdRSHlSB0qcT//AVhBvwzuYb4H2EKgcKux9FuHjWv/1Ky3onTDBlwL8Oz72ysR1tJvZkdMkwNRWtiwl46ixoICrLA4PvnVY56EeAWUHZ1x1QQi0qgnYDdaEQgmARtZipGuHB6hC4IA1v4zJQ+Mn0BdxcicEmmTAdcCPOj+WEhgd1trQrF+B1hpl6gmghWs0+01OWa3SFZyFf8RUiv0298PRmhntLA+BKzc6e8Rk7U9pXZuwLUQT7wXeBSiQvs6RIKFBUF/SrAAoO5QfClojKXWXBIkWxCkW5CAuDrJ858AKxYLYAky/Ov2J0XY36yh/uOAAdcC8B4u3yLbt5F/KOsRi8DRdCEkWAFQO/CErhVG+6DGukqqr0uEWd86rrLHeUttTW9nLfqjam2LO3XZ1BVQ+li5BqN+EAz7AeCh5r7gnVQtJBY+SN5sjlZg7Y8JLL39vlZ2iVMkH3W9XaUUNuBagKcdmzKVas/5HIUfvJe6QuylaCRP3vQjyFol2LN8PnqzJe4jKhNJT9nNWiRQAVBMVB08MkgjhjfR6FFjqJY7/FR2rH1IbQW7yYr7Tq0Ixk3E5FHEXDqhhgtBnbo7uqiC7Ylbd+9Qrg53hH20ivcP28K+VLdv30Erdodow8Z1yUkxHXgzBVyAKkiWt0Ji7U9gBahGYY/M5mjhqQfo7DHhAnPAmGIVgOE+fzXVTJ1OQxY8T82//y1VvLYgDrJjxxagducqsHkirAhAX9zjp390ViWXazrnil8BqMCPAAgTVWOa6pUEeuLB42nq/lPo2PoqmjqG1/OzNGoFSztQRDkAxu5KnrDysOAC6XVKBdSoFwCMPcWWtnbT82vX0hr+vb2tQy1jTVohaH4B9LKt4aIBVt5pAQ7NlVPy/fencn7Xhl7wZVo/pIFCnbpTR+sdmPN8csCAaz65y2WXl8OFXh35ecaexrLHe940sOzl+Qpk6cXnCBvb+Xlju/4k2MHCixbUBde2lScXGzhJsVh9BUP9Iw/+AJ1/0lE0e8p4mr7fRHULAqQCoCJN9uf9Sd0CxALAeltb9+6hpRu20kMLF9FfXnxLWS9AmrVbiSagOrM+RL+vCvEiDZ/SsRZcYmVQjW7bqrba8R9+NDV88mwKHXsCtTUmvNa+v4na23dRhD+ihgrPAQOueeZ5d9hPQ9kzPggveS+Q/dffqPme24l4hZGPwSpa68Y7af4ajIkuEJy9fD86SuktcS4gK9IqVlz98GMfoWOOPQKXlYd/gCjIi9SpMhTBn5KWWTWhg+2t816IL6NldYfuPwE8AD++0xhmi4D4PRfa3EqG/vgwV86eQzWfPp9qjz2OIKN28yKLFt4QU71nfN7Gu0BEIxZ/CUXA81JoggHXPD7lQGUNVQZq+tQgINvIbvngfb/zgT/Svrt+R7R5U7+DrDh7AWBc2VKWVBXgJjBBdM2XzqL//drFRM17qWwTu+4bjARVBo8yXvn3U/SZX/xB2eKK9cERvCXa3f42pU4ptH5VQBUfYt8xs1KCqv5YOjr2UjjcM1GoXzPh/HHAgGv+eEu61GpXDUC2vr6BKnjmvLZ5N+259Wbq+udDakKiPyVZXRcrqoI/bmpXrgQ3Pvw7JakSr5ga7BQ6/Cj6/g23KqfXR0wbTpdSO13QGJ/4K5i0qutTDzqYgh86koZc8Hkq4/3MQFgODEkVJNKqOtH+dvNmkRXlRjWgsaQgQWMtkCc2Q9daVyc7NtlXgs6gOgY6B+87NfSKqynGHWfPfXcrkKUN6/tFkhVrArQaq7r+EIjQt4MV9M9Ym9oBtpw9aZUNdnBl6RV7eI2t3E33TKthUOUtsXnXLSwMyLv9agJQsX250slPm04NF11CtYldefFc4KR7G1tByCgIcU4EtVRXN5ulmcktJxblJd5IrnlhK5GyEKh2ttO0ViudBKoCaF5jG9YokO14fZHSyRZq4gtqAZh/WidnRB+7eez+auIEu6mC1MTVYALahEqgjCeDdv/jr+ojN6qhpiCgqg/7owceQsEp0yhw/ElKn6qYzX8A1dbWtrTSqqTXjy3NW6mMze4MFYYDBlzzwGdIrcFgaqnVrloALAgSrWyTgs6kdLKsLsDElwLZPC1G2Bzqpn3dEaqr8NOYQAWJNy0daLEYooLtVNH567jjBw86lMqHxyfsxNRpQE1qMZiCMJmF9reyU/DQ0jeogy06IjxyyPvCD01KhSqo8uOforo5H6eKw+KThapxiT9dBYAoJzWAnkcPm8ktnRv5DxtwzQOPvUqt1iYIyEIfq2+V0grrgr89SNFXXoyb3+QBZOGmbjsvdBAaEShXuyj0AtoEICCNf8J+yq4y+MEjWIUxjGonT0nOuuN6MZhkpTLBErtXBairVxIxuMJmVH1ALNYbkOqhEoBOGqqTbMgqpeJDVXf87KQuVS9bVwEg3iuo6mUZ6VXnRn7DBlxzzN9MpVa7ZgBkrQCLdDrI4ry8oT5nZlwConBTuL6zm1oT0nQtgwmAdiRLtFAbgCDRAiS6eRVUEowmTOL2sL5y+EgqHzchDrhDeYpdkxDjueP/Ar56nITFvAvnsE1VNrPaUdJZj2JSJfEiUWPxACjEq7Rozx7qAJi27CXfpg3qHnAteR8c1lUkANQOvt8g2wSDMgFX8Crc3EK+CH+8ph1AQTafcpJSVSX8hy12du2Mu13MBlSlvK6udlYt9F7ZJtfMMbccMOCaW36mtRDwWp1IscOamqjOsiwUINs27wmWZF/IuYWBAAtWd25jdQGkWSvQDmEn0ALGArS4P4AtKAlUjew7oL4xCbrq4pAhVF5Tp8BXnSf+agHECRKJU871o6gesNRVp+juXRRuY4tPBk9Q945tDGg8YcggSrxQAACn4vU2VrFnrsRyZP2+W8Jh2h2J2/4GWWoFsHoGVcuwX5lQzT6VAqecntJBeDa6VXWDKf7MwoIUzMnhJQOuOWRmLqVWvVkCsHZSLNIlJ79YT0gr36Wovzwv0iwAFHrZLZ2sB+YwqIkBFjraoX4f1ZeXJ6VaXAMwh/e1IKhIQBcnAF4h5ZJRfC2wYTxV9d11VdL2OnayZy2eUVfEIObr7DGW1+vCdalPr0uANF5AXBKHWqSDh/6iexZQxb2B0loKJNohEqoyqUvop52G/VK/HJv5Y7An8XHIhbQq5crR6F6FE/k9GnDNIX/T2bVmWxVAFp2tvr6eGnjobSWZ/Op441UKv7WEou/Hjfxz6ShGJFWoDSDVAYQg0QJsq1iyg/oAYCugBEnPCmIAXQVSDERCOjBKnNdj0m+uAHWiANQPEnWG1C9DfQHTRPJk+0UFok/oSRrrUXSoYjoV4fX9tayPrjtylu3klDU/zvMprVrr6wq1UairzRptznPIAQOuOWJmoKqOKitcSlxZ1KlLsan2norxooS2F55TE2C+5UvzpjbArQB8ZCIMQNtcFp/sqWTdoh3gIo8d6CIeBPDTCUAMgLQe9TQIC3hKvA6iiIPOVIB0J38cQHr7dOlb8qpEdn/acB8jBV/CwN9qOmWX1S5OtwTIh7RqV2dr606KxeJqD7vrJi47DhhwzY5/KndZmY832WNfrQUkAVk7XWyfZjC4wmaz45knlTSLCZVcrwATiRZAC4lQpFqAWBeDj5AOuIiDlAuCpKuOiQkjdZL4s9Nzog4rATxBAFAQpGqQSNbSjoZYREnYtpYQKofDnwaoin88YYcVU4FDPphWh+pQYq/FAEhTKGBFXWZyC1zIHxlwzQFvq4L1vLywt+u7HBSbtggBWOhiU0mxUhCGnaH//Ctux5kAWlzLpbUByhM1AKQ/mRTS1QcCcgBaO4I06YVEJSF6YClfykA9um4YYK1/DCRdn6OmP8U1xScY9x9xlKfhfp9yExH9Ia1a22Imt6wcyd25AdcsedkfUqu1yQKyrqTYRGZRG8DaIPzGa8p1HS4pANFmz611eT0XoEU+q1QrEqWUaQeqApySRo4CpHKuH/Whvuh+9ck2Rx1qAkwxGZVNaWYAAEAASURBVJZceqrZ8dazrwFicM2W8JGTpasoq5DSqrXtZnLLypHcnRtwzZKXTp6vsizWc3YBWCeLglQFwtqgjVd/7X5pPvnfekOtTILjZVCuwVaXGK0TSlawTdVmHYhlEg3poTe16nOd9Kdioyv3GmPLB7UiixdCyNLTwOHHpDSZStVGu2v5tgSwqzNdnPGalY5DmV034JoZ35K58m0hkKzIRUAAFpJQI9uRWu1iXRShdIChxa9QlA3sw2xcD98GMLKHaREol2CrS7WiQkAdojtF2Il0Y369HKS3BVNtiA+dc3IZsQAp601B8JkgHqdURI7+sBhgL5tX6c8oR0VnXYzxmpU1C20LMOBqyxZ3kYWyEHDXmp5U0oHd6mJ7cjqEeEIsuebeAraQ9tRigRyoEqwg6dAaBZ6wDEgFosgrw/uk3S9PQJWP348q2MtUYPzEvAGptd3FoFu1tsl6bqRXK0eyPzfgmiEPoWsNBof0q74sXdMFZL3oYtOVCX1hYPWKHrDFEtLtW8i3c0dyaSekQlASdHFisT1FVEbEEihI7GJlsQB0pADR5NCeV7QpIOVluJjNh8+D0BQG1UDcH2tGdXvMpOtW+1Ov6qbZRnp1wyVvaQy4euNXMnWxSq3JBiYCArCZ6GKtZTmdY3IsvPo9tfEfHKAkl5wmQNcKgCgHIJiOqlg6HT5qOO3YuoP9CvSAJ/Ip3Wgt7/IwYjSrKjRfBuymr2bc+LwM7dO1V78+EKRVvb0IG5+vVo5kd27ANQP+DQSpVb8tAVhITyNHsiRXIOkNoAu/qNj8j3jNv3KYgoax7hEADFLr/lWo50/AEjGPPfIInXbRRWoYn0zB3rcAoN2jxhXsXpJ1pwkUs241TdOVPrijY49ZWJCOUS6vpxcfXBZUSskqq2qLWh1gfRYyJAXIbt682dbTljVPLs7LGobyvttDyb3L8J5aX375FfrRlT+ieYveomNGLaHb7jifZvKHQafCDfD1Wp3DA1Fa1e8G70nAV0ldEfbZYChrDhjJ1SMLY9Eo1TeM8piruJIDZNGRMrUoyOfd/PT6n9Lj/36cXnjhhT7VzJo1i+Z+bC5d/v3L+1zrz4iBLK3a8c0sLLDjivc4A64eeZatI2yP1eUtuagK8qmL9dL4Bx98UEmqK1fxBFkawi4N//vd/6VLv3FpmpT5vYwJq0y3XMlvy7Ir3UxuZcc/yW3AVTjh4ghpr7o6vqWJi+QDIolIsYXUxeqM+dej/6Kf3/BzW0lVT2cXhiT7ve9+j04/43S7y3mNK8bFALm8YeM1K3tuGnD1wMPBIrVab7k/pFhIqnfe8Xua98zT1uZ4Pp994kn05Yu/RGeffbbnvJlkGOi6VTf3vA9OxWNG9+qGV05pDLg6ccYSPxilVv0WBWBxn4WQYk+afXJOgFXu4ayzzqKHHnpIrTDLlzWErlsFnwY7GdOs7J6wAVeX/Osvz1cum5ezZAKyuVx4II0THSXOK3gvrsM/dBi50bFKfqcjdLCrV69O6j+H8NLfYDCYUzOtUpBWrfw1ulcrR7ydG3B1wa/BYCHg4jaTSQRgcyXF6hKfVDJx4kTauHEjHcYAu4NXd2VDS958g2ayT4B169b1KgaTdQDxTHwsSEE6qCKuFCRWuXccjfSqc8Nb2OcteWmmrqyqL6kbB4DgB5CFXSwAJhOCpAoAxe6lOmCjbAAhJM677rork6KTeX5wxRVJYJV2y7GlpVnVjTYA4L2QtB1lgKRML2UMhrTYXQOLZgx554CRXNPwrNSkVjt2ABgBLm51sTL814HJrlzEAWC//a3L6OZbbnJK4hh/yEEz6M23eZcFBn/UhTbakQC7W0c2g90SwI5HqeK6w53U2dGz0WSqtOZaDwcMuPbwwjaUjYUAdFYNvKW0U6e3rbBIIwWgoM+02xxRmi1AJ+ep7h1lip3toR88lN5c8qZkc3V89J+PKjMsSMGp6pHC5B6Q1m4BBT4KxeLEWtqcqyOcYnd1ddHQIZmZEpr9trw/CQOuKXiGTpipXSuAtbKykmqqM1n8maJR/XhJwMlOAvQCqvotoEzRv06YMEG/lDI8beo0epe3EUe9bW3ehvxyH3i+Io0PdmkV0meMt0UPVNel5KvTRbPflhNnnOONMsWZNxSjyhRXU18CsA42AhjhhyE4dLHQY2arm0R5kDyhHoD+1C395aEHVVJRPbjNh3RyHwBZ3Ad0snvYmYxcU4FB+Bcp67upo9vbrKysJqjIDLnngAFXB16VlweykjrLebuRwUoAJxAmqgBOACkBrEzvGRLoNddeS6fPnZu2iOuvu77XJFbaDA4JpM25aL9DFUUTHQrx7gu8AwNGVJmSv2LwjMIy5YGXfIMXAbxwwSZtR2fmX3kUV8aAM5hJgAn3KGCb6f0iPyRQSMEP//3vhCG/E805+RTluAVgnCvKtv25akc+y4nytuOxWJQFhmDG1UDFBaHDkDsOGHC14RM2HcxU8S/FlbF9ZSlQroAJ5UAKxuqqq66+ypF1Z5zxcXUtlXWAY+YSvlBXm9C1lvF+5xrV1NQSfm4pGjNeSt3yyoCrhVOw6Sv3x7cpsVxyfYp12dFYjKoqM5cSXFc2iBIKUK9ds9bxrp6d/6y6JmkdE5oLfTiAdzvU1Za0Oaax43omAzkMkJXJvj6ZExFGenXiTN948xmy8CTKeimnjqt/4VPNUPt8ZRQNd5Gfl2Aa8s6Bxa8tdsy0+r3V6hqeRapn4FhACV/w8x5j4XCIOrs6qGbqdOq861aqfuBe6mgcQjUfOpJazvsi+SfsF+cQ7yDhRL5ynqzlcgyl5oCRXC38KfP5eI36ToLpSjMDLb7u+AmwSodW54lrKEL/4pdX+Fm/lTud6/nnn99rIgL2oDffdItq+TNPPU23/+539Of7/qyOejsst1b0p8JjAVC7BuPeYV1Qi/2zDHnigM8fV1WVl5fRqDcWU8Ovb6Do++9TZOUK6rjnDqq46CzqvvFqimxYn3zn7d6nSHe7p3pLNbGRXG2ePBT/WJHi52HUgv/7LX30tTepozm+DNLXspc6eGEAKDZyFHUddjRVffIcqt+7N7lKCFJrLunww46gJYvfoBNPPkkVu2DBK2x/G1ddtLa10wknnkjTpk1TRvjzn3k2mS6XbShEWQBMAGe6xQQLFy4smHvBQtx3wepILGOFamDd2tVUyepX/9ixyep9rM6q/P2t5Pvb/dTxyXOp7TtXkr+xUYGtjObg59UOcJOFmECSA0ZyTbKibwAge/hb71DoiccosngB+ZYvJd+mDeqI87J/PERVV36HfF86Rw1RYVwPwtCrrMx+KWbfWlLHrFy5kvafPJleWrBAJZQXe/uOnbYZq2qqbeMHQiQms95+6+20TX1r6VKVRniRNoNJoDjgK+PtdBPkmzFTbX1Oia3KER3FpFdCLaBAlt/rGhYaoCrAPEJHx16ls5UyzDE1Bwy4puBPmE2DAq8tIh9/3f0jRqqXDy8gfjhHvI+lV3rxOYr99kZq46+8cjLMZcoQLEXxni6NGN6kVAOQ2o4++pheeZ995hn65z/+Sc+w1HrUUUf1ujbQTt5+Oz24rnj3XXVbIk0NtHvsr/ZGIz2LAMIUomjTcPJ19h3iC8hGX3mROi4+h0Kr3qEy6lJCQ3+1fSDWa8A1xVOrXrokxdXEpXI/VQSryL9qhfrKB1jfqigxBEtfgLsUAFSoBiC1zTx0Zq9MUAucdsZp1OpxGWivQorkZM1aZ0sBaaLoZEVHK/HmmJoDYQ1cldQ/YjR1t/cFVykFwgP0sbGF881228IUD0cDrimY5V+2LMXVnkudrLuihB6W2FIApA/BVESGfx3tHTT9wOkKUEU1gKImT5rUa5ILUtyHjz6a3nvvvQxrKo5sK1a8k7YhZlIrLYtcJVhy5hlp02GEFnnyybTpTIK+HDDg2pcnyZi2BS8nw44B1llVMZ62zz1TqQVkJlUfgjnmdXFh/TqeuU0QVAOQUkEwCt+5o/dSxqnTp9Ori15NpB5Yh/r6euWEBRNabgi62Xxt5+Km/oGYBl6xdJo4+QCl3tL1rvp1Cddu20y+xISuxJljeg4YawEHHpWz7q+mwgV7WC2wa/9pFJ0+hcrWrSIsMwRhCMbWgFnTx8+Mr0hCQZd85SvJ8iQeVgJC48ePo/MvOF9OB9QRbgznzZunnKi4aTh0s/2x66ubthVrGri/7OjYkxziw+ywbb9JVJOwHU7V7vIlb1DouONTJTHXLBwwkquFIXJa8c5bEkx7rDriSMKLGurcl3xx02YyCfpwYMXyFX3inCKWL08/8eWU18T3cMAHwGQBIR1FFy9Kl8Rct3DAgKuFIXLaucj9y9TN+zcZyp4D761Z47qQpQmrAjOp5ZplauUhViDqFJ56gH7qGPavWc2LssyqLEcG2Vww4GrHlK1bqL6r0+ZK36g93WEKT5rc54JVv9UngYcI2LriZyXM+G7cuMkardKKazkcJb9dGX0y92PEho09+uV0zdi8abNacIANCA1lzoEoq2NaR45JW0AVT5hW2byDaTOWcAIDrjYPvzxhR2lzqU9U8NAP9onL5YZuAETYsYKwzFVAE+eweb3nnnsQVIRrSANa8U7cFvTF+S/RpvUbVFyx/7W27HPdROwYu3nzlqx2dnVd2SBKWF7R92NUcfhhru7Qi6rMVYGDPJEBV5sH7EW/5Bs6xKYEUntn2V7IIHL0qDFqeSssBQCWQrB5hfmVSK+4Jkthjz32WElG4/aboPLrk1/Ji0UQwNAevly37tjmqTW7d/W2lvCU2SROciA8bXoynCrQ/uKLqS6baxYOGHC1MAR6pZr16Q3ZJVuEDbGtlMqzljWtm/MtWzeroT0k2I8c92GVRZZ+wvzq+fnzVRyuPfjgX2xVCG7q6a808CmAhQHpfApY26ebqVmvmXN7Dtgty44OdbdpYSMvBy9f614vbt+C0ok14Gp51oHd3qShqIdN9SxVZXS6cX1cxyrLYGF+Jaua4OD70q9/VakRRD2ASmR57Msvu7DbzahV2WWCveqa1d47rZcJsOxaOLhzQ++61+WKQt+GgaFiKoYnZsDV8hTKN220xDifdvKEkt1klp1ey7mU9FdELQA7V/gPAC1csIggucGnAEhUAwBYpKvlRQYSB1UB7GJ1VYHKVER/bnwKWJu7NOHAxRpvzp054OTzourAg5wzaVe8qMy0bCUZNOBqeez+te6Xj4bHjLfkzu8pwHLEiOFJl28ATPwuuugipRoQVQFa0cpejGpqB46zbpG+vXBw5ap31Q60xhzLC9fs05ZNnGh/wRILkyxD7jjgYgmSu4IGSyoo7d1uwRaYNoU68nzjwWA1QecqEuo5556j/AeceOIJyZqhGgDBrwAM8WvZ7SCkVUixTSOa1JJYMdCXlV3JzEUScONTwNpUbIm9hjv7B6YfaHYlsDLH6dxh+B8eO8HVikKYZEVY72o3YnOqslTjDbhqT97H9q11rLR3S5FJ+9smtZs0sE3oIhLAqS97RRa7WX9Z9mq9BlVAMasDxKfAinfcr87S2QZPYTPNIg6dJRmFo+PHE9RcAM90VMHe4gy4puMSO29Kn6R0UgTefMPTzYbHFVYt4KlxAyQxfAq88cbrBLvVTOhNF861Myl3sOZx8taGSS23aq7Q2+68xQ1WHrq9LwOuGqfCiSWVWpRjECuzoqP6mmE5ZjAXHDkgKgvHBCkuLF9mfAykYE+fS7FQd584iYCayw2Ft291k6zk0xhw1V4BL8r6inETtJwmmA0HsjGpWssuCve1tiY3kMymHaWQN5Zi2G9ns23HE9i7GheEdpzpHWfANcEPGEe70TcJ+9x+5SW9OTpzIBvpc+WqlWpSy+wG68xf/Yq+G4Eej7AXm20fTyYaSs0BA64J/pTzdhZeyO1X3kuZpZZWlr1C+syG4EfBOM7OhoPxvG5XaiF1xXt9HQll34LBVYIB18Tz7F78mqcn6+Ur76ngEkoMafOdFcsJ0mc2JLvBZlOGycuSK09qtVRWuWJF56vuXXK6KnAQJjLgyg8V+iNsZeGWYLLSOTZuW+o2j0nXlwOQNmFKlS29ucTFRpLZVlIi+QNTprq60/qWZqN3TcMpA67MIK/6o9CQoVTOwGAoew6scrHFSLpaVq5arbxqmZVa6TiV/rpv1Kj0iRIpvPYb1wUPkoQGXPlBetUfBcYbS4Fcvf8rPPjOdaoTagV41TKTWk4c6olP58Q94mFE5rXf9LSiNEIGXPk5ezWK9vJ1L43XyPtdipQJUMwFvbX0LTOp5ZKRqZy5R4c1uSyFqHt1bp6d6woHWMKSB1f4by3f7M2sxMvXfYC9DwVrLrZnwTbaXn24OjVw7Rr3PnidyiiF+IqK1OosLxYDXuzCS4G31nsseXDFvkBe7FvBQC9fdyvDzXmcA3W1tfR2DpeuLn5tsWFtDjjgxWIA/cY4z3ZmesmDq1e9kRtLgVgs4sxxcyXJgUx8uCYzWwJQC2CrGFE3WC6b0wQHqtnLWjrye1jW7dU+PF3dg+l6yYOrV32rsRTI3eu/fHnu/AKYSa3cPZeKCe4dEsWyXACSu1YXX0klDa6Z6FuNpUDuXuKVK3M7IYKtYsxKreyfT6y+wXUhodWrXKcttYQlDa5V72/yrG91YykQ7nb2PFRqL5jd/YoP1zVrvO+bZVeexOVSzSBlluLRy5xCfVenWUzg8JKUNLhmstmasRRweJM8RMOH64oVKzL24epUVS7VDE51lEK8F3AFP8xiAvu3oqTBtYzXtXslNy+ez1+e3OfKa/mlkv6N117P+a0uZX+8ZlIre7Z6McdCbV4nhbNv4cAooaTBtWOJt3XtbiwF5LG3d7RL0BxtOJCND1eb4lQUbGY3b95sVmo5MYjj/Sn8uUo2L1ttI49ZTCCc630sWXCFs5YhFd62EHNrKRBjZ8Ld3aHenDZnvTiQr22xYTtrJrV6sbrXib5DcK8LlpPyEe59DJhJLQvzEqelC667d9lzJEWsF0uBysrKFCWV7iVMZmHngI0bN+SFCWZSKzVb3Y6oypuGpS5IuwohBZt7GurNgdIF1107e3PCxZlv6BAXqUySVBzAZBYM/rP14epUh1mp5cQZb/Fe3/XyTd6WkHtrzcBMXbLg6mczLK9kdh/wyjH79PmSWlHb3j3N9pWaWMUBqKugtkpHXmxdUZYvA2ElXRsG+vWSBVevK7PwoL3sPlDuL1nWpuwTG3nvpZNPPoWuv+76lOkyuTjz0Jl09z130e7dezLJXhJ53Kqr3FjF6AwzK7V0bsTDJYsAXj1hgV1eTFTKeLcCQ84cuPz7l9M9f7jLOYHHK+PHj6cXXniRcGxhL/mGsuOAV3DtXL4suwoHYe6SBFevO73iue/pDqs9hty+A2XsUs+QPQcAfpBgL/zC5+nRfz5qn8hj7PPPP0/wtAU3hm7MjTwWX3LJvQgSYI7ZbrvvK1KS4JqJfqhinLfdB6KxWF9umxjFAQE/AOzpZ5xOL730clacefrpp2nixIkGWF1w0a26KhQMEuy6vZBZqdWbWyUJrv617/XmgoszL6YpLoozSZgDsLmEpHnsscfQsgyHlVAtzJ492wCryzfKrboKe8SFqmtclhpPlonQ4qmCAZa4JMG1e4N3sxFfVdDbo3UxI+utwMGXGhIsfgDYAz9wIEECHd403PWN/uCKK5RqARKwIXcciHlYOONrHOqu0EQq//YtntIP9sQlCa4ZbU/R6N4N22B/aXJ9fwKwkECxYeFRRx6VtorPXnA+XXPttcoyABKwqBrSZiz1BB4++p5Ha+2dpc7dXvdfcuCayWQWOBbx+BWPRozbwV5vWpoTAdihvFBjwcIFNPvEkxxzzJo1i+79033UzEuYMTlmgNWRVX0ueHkvvS4kiHZ29KmvlCNKDlwz1Qt5NU0p5Zcq03sXgIVnq6fnPUVnnXVWn6KmTZ1GsAxAmj179hhg7cOh1BFetiDyupAglKclzanvqHivlhy4ZrIySz2+mvR7DxXvYx44LQPAwrMVwPOhhx6iL3/54mTjoY99ZcECdY40RmJNssZVAH4dvDhyj1Z5e+cDe3YTdvcwFOeAN7dQg4Br0a1bPd+FuBr0wqzuUCebB42kLn7ZukPd1NbW6rneUs0gADtkyBC6447bac17a2jeM0/TU/P+Q1AbYALMAGvqtwMbNdbW1vTyEPbyy69QY2PqrbX1Ur2O1rAbbISXlYcnTdaLKdmwF7wYFEyCe7Qqj3cCkxSYpnil/zz5Hxq/3zhqqG+kMWPGqBcdEllra5sB2zTMBHhi2A/6/R/upPfee49mHnKoAVYHvkEqDbJtKtwt4h2DZL9x03rauWMXrVi+guA/d/myt+kT/3UaHXfchx1KsURnMFpTajcDroqRJQWu8OFax3v+eKXAlKnU5SFTc3MLffVr36KqQBVLD3XUOKSBJozfj/afPJmmHzidpk2bRiNHjkxKFXDBtzcBJB6qGfRJBWAhwYot66C/aRc3aJVK8f7s2rmTFi9erIB0y9bN9OaSJdS8bx+FukLU0RZ33N4wtJEe+ftj1MLv5xkf/5iLmrwnyXROw3tNxZ+jtMA1Ax+ueIReZk0BrFf+8DpqGhq31wx1d9GmjZto1YqV9FioiwAU48aPS4LtfhP3U9LtxP0mEdzxgSB5dHR08Ex4izov5T8ALPiAXymqAgCkFbyUGkt7heCY5h3eomjj+k0E/7Vr1q6lLTwc37Fzl5L2qwKVFGSpM1AZUB93fOCFwpEoPfXUfFfgGmVJ2CuVbd3mNcugTV9a4LphQ0YP0ourwSVL3upVRzUvPghUVKqXHEsP8XIL2M7jlGUVPgXEk/efTJMnTaLRLNGO228C7b///jSsqalXp4qbHhnA7cXgQXRilUhFhbRmzWpa8c67tHbNWgWk0EHjow2pFKqTYE0wOUoSIJV3DeyRsBw/8tGj3XEt6G1CC4V279zhruwSSFVS4OrfuzujR+pFsY8hl5C8zDjXw0pVwFIqgBaEjrLo1YU0/7nnuJNUEoZvDXV1VMmSw/QDDqCp+09RgDt6zGgaO2ZsUsJFXgwJzYQZODEwCAAKsk424cMJoMSuuPB3u3P7TqUn3blzG+tPt7Fz8XepsyOu0qoKVtHQYUNp1PCR1Ki9R/KOyRH16GF53+acciIuuSJM5mKiyi1FzI4ESVaVFLhmYimgOOVBsY8JLCG8zPJy62GJk3Qi3ZK22nDD+o20ZdtWen7+8yoZ1AnTpk6h0WPH0YjhTTR61BgSlQImzHBd1ApSLo6iYohwW4zFgs6Z/IRlGF/JE0vWvbzkWVhBFDrS7Tt28mqzXbR9+3Zq2ddCse74h1dGNmNGj1G6U5wLyTuFc/2dkngc9TDS7D9lIr8n9VJEzo+Bdp6sZbVWJhPAOW9MPxdYUuAKI2evlgJezbBGjx6VfKT6C6+HrS+83Tk60ZhxY1RZ6Gg4xwTFRpZwrR0PE2ZDhw5Lgm4tfwyq+FfDVg5Dhw1jS4XRVF/f0GsSDQWjs4upGM4N+IILziRSJ3SgVvCUITxWjDW37FWz9B3tHdTGYAMpFJQORDEBCj2p6OuRB+8NCPGdbN6nU2vrPiW56u+WhPFOgeQcYcR9eNYxCLoi7ALbWV5BVR6WzBpzrB7Wlgy4wri5ho2ceVak5+5dhNzu+CpFjRzR43hEB009bH3hkVc6QwU71tjbvEsBqEgpOKLDIR/0tzrJhNnq91b3Al1JU19Xr1QMkHhreUg6gttXxxMcTSOaqIl1uk3DhylTMUwWNbL0awUNlCMgHOUhIiRg0GABYgCmPwFgMGUC6RIn7h2EjxAsOuDHQMBz586dCjj3McgB6ET6bG3Zx8+wOQmG8jFEOXiWdiCKa/p7IWF5bzC6gY5VB1iEw5G6JABLHr0syS/vl/7xR7p05GP1FJsXpEvW67oxx4qzo2TANcBDLi+6I3lbsOOrFzMs5AtWBaijM94p9ZdbXnA9TjoEjiDkQ6cRYEXHxMyvXmbvPJUKcBv9PTpcVVDiD+CLWeSNm99Pgi8uSSeH/hdlD2Hj/KamkVRdHTcfAwBDAh42fDgFq4NsQ1mtTMqq+QggFrtKqUsHJImTowAUzgFSAGkrCWhb4/VzAUE9zsdtwQdBJ6e2WNshumoBzLbWDrbSaCdInLt27KBWNmES4GxnpyTQf+7hmXo8I4ApnpMTcIKvtdQzSy/tk2eHcwnLUX8vrGE8IzvpFc83WFXHIBtKfqClPL0Oqb+qsvfHWeKdjr4gux30CK4srjsVV1LxJQOuPgaYTMiLGZaUP5QlwPe3xE1S7F50PU4HXHSg9s59faRWdNRu3gkBZJdXj9PDSC/63FTgC6AA+BK93QcsUAakX0jMaB8m2ap5QqWKOx0kYYAxCG0UQMa5qCUAzCCAM6imNn6OMHTFIGz3DNBOR3o6hLHZHgigCAIwqmNiOI5wJ3d0gCRIB0qct/KqOeg5u9jsDfzFsxDQxHUBTvnQIU6kTit46nzXw8gj53LU4xC2Aqmk0+PRPjxL6GN1wjniJU+q8vR8bsPKM9a2zW6Tq3SZThx7qmQAJC4dcM1wd0qvzivwzGvr+WufcG2pdxCEQXqcdAocIRGhs1g7s6RxyquXp4fT5UN5AE10ThleShtxTSdISOrHHyl9aCoAJGn1tiNOwAhhUWmgXSCoQIQA2ukIIKiTfHDQZrQNZB06Iy5VG9E+EKRCkBU0VST/CS/laI3X+a6H9fR6vB7W0ziFkR4fN3zomnfv7fWOtLM3KjxDIacywCOvk1me/RijEXu9qRGk3YPt2PN2D7Y7s9xPpl9TL2ZYUmWtZvBt96Lrceg0IAANpFadAAqBuoC6hmEfyC6vHqeHnTqwl3gpT4ARR10Klut6u+3CAs64xq4W4sTzMwBDAFvIxchCAFDyJEpJHtA2/OyG48lEHNDb7BSW9Pp1xDnxTk+nh92kRxqQns8unJReK3qkV7wj4IcOrnqdehjmfZ4pMTLxks/Yusa5VTLgmqkZVibgqr+I+sstnUiPQycCidSq54UUCLAQCU2/Jp1PjrhmF3aq0008yrS2Fed6nB6W+uWI/EK4D5D1GuIRJ0eUZ01nzROXtOPpVGKbcq3xUob1qLdfD0s6Pc7aLv2aU1jKQd50aZyuI17yi/Qq6gG8IxhJtHcGEiOQnrRSt+RXhXj8y2TkZmxd40yO92yPDB+IycMuJCPrfcEMy+sumHoZeLlB0mkQtsbJiw/JTh++IowhIDqTpJHOImXqR/2aNSz1SjnW9ujxklY/SnpJZy1f4q1HpNPLseaTa3o+ySNxdnnkmuTHEXGSVz9KWrmun0t+idPrkvTWsvV4Pb1T2E16PY1TWO5JpFe0SydIr0KSVi9L4iSN26NXt4Mot579d8S+eSn5r72agn+8mwLznyP49Sg1Kh1w3b7V87OFNyzY+mVKeLlBesfTX3gJQyWAzqHrK+2kVkkvZepH/Zo1jHR6nFN7pANKWhylDjdhSStHyaMf9TqQDtckTm+XxOnX9bDTdb1MqdcurV2ctXw9v11YT+8URj2S100aPb0elrw44n3Bh1f/GEN61dPYPYMJ2gIXXM8nYavtWp4IC7y2iIIPP0gVV3xXAS12AikVKglwxVezKiyKPveP1j9qtPvEWsqJk/ZLnukdBGGQdAJJJOZXco4jJlpEapV8ellSBo4g/Zo1bL0ueVPF62m8hKU9eh679tvFSV5r++3i7eLsynQqyym/xOMo5TmFncrW4/W8erwe1tM4hfX0kF6hRtE/xgBaWDrok4QoS54xjl4WEKiM/JfpXIXklyPMIAG0NTffQFVPPi7Rg/pYEuDKhosZ2bhWeNiJVH9LPnzMEclTp84iL76SWi0qAWTWza8krV6W3tnchJ3yOsW7KTNVGtyDtd1yruez1i/5kCZV2Ol6qjxe6tLb6BTWy7O7N72NqdrlVL4eb60LH16xdEDZonvFh1rqRbyUgfSHzpyBKE/U+eoiT+ndJK587FEK/vV+N0kHdJqSAFefxYTH7RNrW/AyBR/5m2d9EdZVn3zycclqrB1DXn4cIYWkM7/S00sndirTKV46GRqlp3GK19NkE5a2O5VhrR/t0+OcwqnKs96jXVrEpaor3XW7+3Jqq6R1um7XPus9WPPivcEHWCdIr9Dd20mv3/7uN/SkrsJY1VjvdQGBq5LZ9O2F56mc3SUOZioNcM3QxnUI67YCvFFe3ZWXU+Xtv6XAYvdf8Y+dOlsN6+XlsXYgxKMTwEbRStZOI3n1Do88Ep8ubL2ud1S9DD0+V2G9fGvYrl3WOGsetAvk1D6n9F7jpR7kS1Wf3o5UdaAMp+t6GU5ha15pE45CkF7xobZKr1/40vmkL8uW9OmOdY88nC5JVtf9Lz2fVf5iz1wS4JqL5XhVy96i4L13U9l3eYcB1hn50rhWg/R67bU/dARYdCKRWvWXBEM9awfDdWvnQhq7eMTZ5dfj9LKc4vU02YT18q1ha1tT1WOX1hqH8kGpytHT2OVHXilDrsu5ntcujDjJbw1LWXbX7eLs8iOdXi8+zpjY0skqvZ71qTMyUgdg4gnSZT4pwu4yc0GQsLdt38HuGleqHxzWFwOVLVu2OFYMDclnGzC0hwSaa+o8aAZFTjk15YZseNDXXXOjkib0+qEDg5cr62obdBbdjlM6mRxRhtew1Cv55JgqXk+TTTiT9trV5zYun/WlKtvKy1Rpc3UvqAOAu3N3XwfVcPQDYHW9X5bcQOIY/eqXCSO3fFILe2qLXfNTV1UAQDe+v4Wd5rRQ817emYL71bu8H97uvXtp3Xvr+5RR31BH55796Yzvv0+BGUSUBriy8jyfX+GOs86m0HHHO7IfL8Yvbry1l78BJN66Y1ufPHCADBIpRaQaSWjXMXEtXbx+XU/vFK+nySasl59NGG0A6WVYz/Vr/RHOps5M7gV5nD7Sl1z8hYyBpfwXP6ea9WtRfF6pxldGm2/5bbIOCCLYwgYAii1stvKuBmvXraPdO3czmPZevZjMlCYAkP3KJV/MSHpPU3TayyUBrtCXYlifT2r+1W1pi//jPf9Hr722VAEEdK2yygYZMZyTHQigMxOSDitHxOcqXKg69PZm0369nP4Kp2p/ptdycS+69Hru2Z9ytUeWPH/9iFn8fAoiUlegrIwqyoh+MOVQep9t0O2kT0mbi2M2H5tM6y8JnWuudDtOTA7NPtnpUq/4Cy86L2lFoK+oQSJMRkAdAD2skN7pRJLFNWsYcXpat2FrPpGS3eZ3kx516O3Npmy9nEKErfxB2633o7cj1b2lyqeX4TUsbYSuHh/o733vfzIGVkzYFgJYFRP5r6EsQh2Ll9DCVX2H9ZIm1dGX0FrIMVXa2++4i+bPfylVkpxfKwlwjXV69cjqns9dp51BHZ/4pOsM2NL4G9+8hEaNjw//JSN0rZigQOcCWTsq4pw6njWtUxl28XqZOnjYtcEuv9e69fq8lpeKB9Zy9XvJNJztvWVar9t7EX7g+F//dTr97s5fZjz8xQQWJmwLRaFYfKpnSpWzXldA03pEGxEXTcghckzXdgDs2rWZAXm6su2ulwS4Rjva7O49q7jWkWOo7Vvfpc45cz2XM4lXcF131Y9Y4f6pZF6suNGlVi/A4yWtFTDQAOnMejl6fC7DqerPZT1yT17KRFq9fTo/3IS91JUL4EUZ0LniY42Ptld3gmivUMXSJTTGH/+wSxyG7oiTn8QX6iigaT2ifonT2wLpHT8IKhLWryP8sxtutkbl7dz5s5G3Kvuh4K7cSa6wEIgddjhFDj8y6xtBhzh4xoH08N8foc0btvaRWvWOni6c7joaWwxpBPRwLLawHX/s4oqBl2gXNhu89OsXe34PMXG0ZctW2rZth5p1x8RR8/ML6A9DqBfANsf8tLgjQrexx60TyjrojIYgtUVza1w0vgsTVe5lPIAmSNxPqrDmcU1d5D9xwQg/xVhYIfMbmBjD/WfzIZI60h1LAlyjPFufK0pneuW1Hkix3/n2fyt90MMPPaqyi5TkBnykPslTrGCAdkrb3NxXIdLobULYjoeFaIcXvqCdkFY//8ULaPr0aTjtQ7BO2cUOq7EljQBoKrMlFLCNhdZj9lbRgTxcx1B9dWd8zP16d4zebonS8qZqOoNiBGlWhvR9Kk4RIRNYSAJdq9BYC64KeOK6AChGdULglR3hOcnz068jfbmfd8/g+QzZ1wwfFgOuOpeyCMcArjmy2Yv93595ivPKLFpjnxX2iIceOoOe/M8z9CJLESDpdKnCeud3k96k6a3TtuOfXVyqZ1AInkr9n/iv05ImVjCcB1C4sftE/lQ0kjFrfWcnKY2kNtJD/PDabgZde1BDmQBOEGb/QTp44hwSMGM07eLJ2t0Mgiu64uC6sbKOVkf8NLUh7uQcaUHgp5UEOOVove50LulRZiN7uIPf207t/pzy5SK+JCTXINvT5YrgRq2Nlf/hSZNzVWSyHHxNP/PpM1XneeLxp5TZllzUO7we1ju2/iKZsLuPUzr+9Tcf5fkf/eEjk6B651330jNPPNvLK5aky/SICaKRPYYqtsUo0LR0JQAnCOAJlQF8IK+yAmhCCt7c2ERhH3/cKtjGOxYf3o+q66TqBJgKr+Vo24gMI6VMSLD4GBWCSsPO9dKLM/KK5fQAMJkVyYP0aq0PuqHn2XzkqafmJy/pYCCREidHazzO9Wsm3Ft61fljxxu7OD1PvsIo97DDDqEz2RIA0tYvf3NbVvag+gw7ygbZxcWv9PxDZfAx3jX2Jt5PchXbYEPyhNQJEvUBwpsbG3sNzQVAcW1UGe/pUyQEtcrPbrgq760x4Johi/dd/dOsHGl7qdYKstLZ5YiyTNgZMN3wR+efNb31XE+bjzDqO+CAyTT3tDkEnTye/1e+/M20kqoOlHoY5XkhJ72nfq8CnAKaOJewl7r6Ky2c2WTigtFLew24euGWlhYLB7zYt2pZMw5aQRYF6S+8CWcGsPJAhH9yLDR/UZ8OqjjPBFiRLx0JgMqkEdLLxBHu30oyrLbGD9Rz8DkTSwsv92vA1Qu3tLQtlbwipoA2c1rVhNngfz8xL6ku6C8wGIj1go927dbjnNLkKx7ljh09kuacdlIfaeqKH12VkSpAwBNlC4AKeCIO92tHgw1E7e4RcYVQDZTEhJYTg7OJxyZs+9jtYDTDrWCyqRvuDGEjix+W9C14aVHSKQw6hwCFCcddAOp8EN6A/3rYTRo9fa7CkKBmn3S8rVkVVhO5WXMPILUCKNpnR7hPkBzt0pRCHDzS5ZtKAlw7eBazKj6pmVN+Bt58gzr7AVz1m4AJF37oiK8ufoNeW/R6L/eGOmiUYhi80oHQiQfWNNZ8+vVswigXy5xnHjqdTp17ckon1lhcko7ERaWeDveInyFnDkCKh8oln/auJQGuZSzpEe9GmSlhVRbx8kBssqZTGNtUZLD8VS8jV2FMfOAHUy44DV64YHHSlMsJUEoh3g4IrfeNZ6DHSR49DmGQXMskjJn/mR+c0Wforwq2+Xv9tTdtYnuidPeUPbEm5JYDcG9owNUttxzS+QCuPIzPlMomTqTQJ/6L6Oof9wLY7g3ryWL2l2kVOc2HlTv4wYRnyf9v71qAo7rO848wQqvH6oHwgmoJ45hHMNixARmTFNzQ1E0NDlNDcNLEDk4NDtSeAE6MsXBtHvaQQuo6M7aBltq0tc2AJx0ntE0zzgzt2HFKmBpkUzBtCIIIhISeK60Qluj5jvhXd6/urvZx7927q//MSPd17n/O+e7ut+f+5398WEsf1X5MJ0/+JtyGmTSYMLLhPAbJ48F+LFLkethyXeM5vhfXjHX4mK/zPebzOMYs9Q++eBfNU28XiXyR4SAQqwixxkInvmuIG+tkGRYz15ySMuXfV580jlff+WfqUzPUK8//FeX8+79Q5y9+oaO053/hCzQ4A1bSzdh+I77M0dQGZmIwEgQ6wse85c7xMW/5PLaQyefTtc/toz+8z1vjOewzBry1OsfXeGuWEU02dKlIZZ2suU9XZxeasixQBaAY+2RZUU7GRMBpZ4JhQa4j8gZ8k2OiHeUi1AG917yyQku/Rn1fuZ86VEbZPuVOlynFrDY4Vns8Qj/LX9Rkt0wyuN/NfeDP7WHf2D6OUXhMxnr9V1L7b5aHJIDwpIIbcyKzVKtelJWpKCoWBYtX8DLiMVlUkVNxIoBUMU6WYUGuIwsLU8Ywp66O6JrLK1br+6BqyNDCagPoZz88WktH/7s2rJ9NdkhGUnNz30hwvM/EY+wHX0t2fMb7jPJh0jOz+g6aPet2rfM21ktlPxo5s1VAKrLl3n4EQg7HGBgW5JqjfunjLUialtvSHKFbxb0jW5vjFZFR9fDair9ffnA4bESezACYvHhrJDY799E3bgP7THTGc7zPW65nPMa5ZAtsUqdNn6rDReKNwKmC/E/m3FFGW1Wn2gVOiCAVUqqJsYHIoO5OtZkOuY0NFx1t1toYztEm3Rfee8stgxqFBQBiBJhLbmUV9T6x3nyaqMe+mLCDhaf3DJwSUi1MckykkOfEvpEgsY9iPmfVF2MdfVOS/57euI6e3LBG2xg7SazoXlm5WiswFKgE7BqHQWzELuSfrz9Pc+d+nlasXElnz9bpNiMqZclBsN3+IPpGaIYFufaowNZmIr3ywJ/RqFkzjVjo/R71YULEq84Vq3WEH67QO/EzvCtbCwTwpcQfip2kCnlGQmHiNJ+zajtaHchMtuSpACZulTIVCMVYunu6wzN143k795E4s1tNJGo21tDqx1bTjFtn6AysjK+dbaVbVnNLi6NdGBbkCgQRxSr04HJCGmwOutJz2+2Dwb2mh/l0+nRtHaBjCCB1tg2ZBwY3lj1njPm/MCq7CNZIkPwFtzpnbs/cB+M9qaDuVixQ9HHKzZNS6WrC9wKj36pU1o8/9jjxgtquXbupUr3NIcU145+wYI/eAC8tO97aog1vWOhcefBmgoTras/vz4vIeJk3/daweRWsAdwOzsJ9zaTtl740X78mw0usru4cwUbz9KnTYZdcjIVnnLzPZMekiC3X4WtcF1vzOT4238/necsyuR5mZm7oLdHnVItfmdJZFR6b1bVkz0EmCLS6ulrPWFkOSPbvX9tDS5cs1eqC8RXjw8+J62TqFp+DzlA3FTu0OD2syNXqQ6BNq5SnBjywPq2opKuL/9SqmpyLgQCvurK5l7EqR8s/e+YcoR4WEeqwr+KCcmECNB8bSYTr8Dk+xj1W+ziHhadxFQE9C6uccAONHz9OR+7f87cqm0QGF+N47RgGMMUCFsr27dsHiaysrKQ9imC/tvSBrCNYJ720hj254pN0eeUqylEfrkyyWx30DfDoCdh+4s9sTA+/bnywLyvC5TxPGAITtd6PYUjvK8jXI/Zd04Filldcov78fk2m0UyZkFcqU0ogMDaiq8ZIVxEXUjwAWbco/eOmzZvoRuWNaFWmfXYa7X1jL6185NGsIlgnvbSEXK99koRYrb5Szp0D+TEBRku050TrbupMU+1/qcmRAAtahdSfASBV2Xw/qwPuvXchLVu2jE9bbm+79XP01r636IFlD9CFxgaCC67ds2jLhh086aSX1rBZ0HLw+YhoQcARBKJZJoAQ7SpQB5SWltJfPvtMXCIxs925+1VlAxtSyf5CGb/I5aSXln1PKa5HI5UEAUEgXgR4Zh9v/UTrgaTrz9fT4sWL1VtE/K7cmMHCogCWBSDYTC5GNZTd4xBytRtRkScI2IgAvLSMpeeKPc4sIFa82k+eNIXWrltrbCKufdjArvrOKk2wcd3ggUoYc1NzIwWDHeEZt5NeWkKuHnjo0gVBIBoCZi+taPUSPY8ZZ/OlZr2IlZukKdL6p9bTkvuX0ienTurm7VRXJDqeWPXRL/woHT/xP/TFuxdo7zO2jnDSS0vINdZTkWuCQJoRmBhl9T7VbjVcaNAzz7lz70pJ1A//egc9+M1vajdZLy5u8Qy9rblVjxf9/cxNN2nrCAzcSS8tsRZI6aMlNwsCziIwrjzSHKvnco8OOZhsqyAbOAvceedswszTjrJl61YtZv/+A9qbyw6ZdsjgsWLBbuv2rbRgwQIttkOpBbjA3tqpdC9CroyybAUBDyIQzUsrma6CbPA6nJc7mrY+/0IyIqLeA4Lt6uqmgwd/Sphte2EWix+RyZNuppdffVWRfmW470WFkXpsmOfFv5wXFjPkjqgFhoRIKggC6UMAjhF2FRAerAPWrl0TQTZ2yX9u83MUGBfwRBwC6IFhu/uTgwcHjbX8+vKIIcfK+hBRMcEDIdcEAZPqgoCbCFjZuiYzK8SstbGhge6eP48eeni5I0MoUkHp9+7dS74Cn/biQptuFrSHhSsQKxbaoF+1KgX5BXr2ztec8tJyd/Q8GtkKAoJAXAhYeWnFdaOpEqwDEEpw/YYNpiv2HsLJ4PXXX9NCERfWLYJFO2iPF+qiESs65sv30YhRA9TnlJfWQAsaDvknCAgCXkJgTIm1NjAR0kJdkM7SpUsIMQKcLnAyQByC4rIS12aw0K9WTaikl195eciFuvKxY9TMNU/PcoGFU15aQq5Of9JEviCQAgLI15aKIwHP6LDIxKv6KXQn7ls1wSoVAWaIcFZI5Mcg7kauVUS2hPl3301v//jHYYuAWDKK/SVkzEWGAEJOFCFXJ1AVmYKAjQik4kjA6oBt27fZ2KP4RLGK4OqVPm2lYCfBQhbrVzEj37VrJ8XrDOFXefKQQRdmbSjBYDC+ASVYS8g1QcCkuiDgNgLmdC/xtg8Cgv//8uXLCTPJdBS0u2Hj09pKIZmFOKs+Y1wwKWP9aqIz8sLCAkLmDC6IL+xEEXJ1AlWRKQjYiECxKZdWPKJBQFjgmTb1s0PqIOORl0odhDKEFxe7yaYii8eFzLSIP5uMIwRmuFgoRAhHFGPg9lT6Zr5XyNWMiBwLAh5DwMpLa6guplMdYNU3zC5TiUMAUkVBfAAslL2i1ABDxZ+16gefy/MVENQVXOClZXcZmBvbLVnkCQKCgC0IJOOlhVdmhAVMlzrAauAwj8rPz6NE3WRBrPixwJgwA1677olwAkWrduI5V1hQGFHNCS8tmblGQCwHgoD3EEjESwtExKvnCAvotYIZLBag4lURYDzQr0J3jB8L3M+ZaVMZ2/Uq9RDsfrk4kf5HyJXRla0g4FEEkBfMWKArjLY4hBkeyoYNTxlv8dQ+qwjwI8Cv+1YdxDWYcSG/1+Znn4vISmtVP5Fz5vgCyONmdxFytRtRkScI2IxAvDM1kBFeneFTDzMoLxeoCGbcOiNqHAKMBY4BMPaHY4DdLruF1xJcMkZOOBIIuTK6shUEPIpAgS/PsmfGWR/P8hBer2ZjjWV9r53ctWv3oDgEPCaOaLX/wP64HAMSHVueiVydSPci5JroU5H6goDLCMTjpQV1ADIL1NTU2KKTdGOImJFzHAK8/vvycvXCFdQF0SJa2dUvc/AWmHbZXYRc7UZU5AkCDiAQy0sLsz02qF+4aKEDrTsnEtYMb+5/S7/+H62t1ePYsH591IhWdvWkbMwYMgZvuVDfYJfosBwh1zAUsiMIeBeBWF5a/YkGb07KoN4LI0YwGaTrrhhfQTt27LBdv2o1xpLS4ojgLVZ1Uj0ndq6pIij3CwJpRICzwW55oT/VShq7klLTmMF+8KsPUpKRyM35vvzI4C3KIsHuIjNXuxEVeYKAAwiYXWA56Aia8hf5qax0jAOtZq9Ic/AWJ0Yq5OoEqiJTEHAJgdxRo6m9o11lMb3kUovZ0QyCtxT6B3JptXUMJC20a4RCrnYhKXIEAQcRMMcXMDYFH/mmRiFXIyZD7SN4S74ycePgLUPVT+a6kGsyqMk9goDLCJjjCxi9tODG2dTU5HKPMr+58vJARPAWu0ck5Go3oiJPEHAAgWjxBdjovtsBO00HhuEpkQgiY4wvYHfnhFztRlTkCQIOIGCOL2BuIijkaoZkyOPCwgGd65CVk6gg5JoEaHKLIOA2Avkmd020z2ZY2O8I2r8gA7lSkkdAyDV57OROQcA1BKJlgeUOBIVcGQrPbIVcPfMopCOCQHQErOILcO283NHU1dWfsoTPyXZoBC5etD/MoLFVIVcjGrIvCHgYAXN8AXYkgI98U5P9vvEehiLlrvX09NCxY8cIUcRQYC9sdxFytRtRkScIOIRAtPgCiHnaFeomEIaU+BDYvXO3ztjAi1q/Nz4Q340J1BJyTQAsqSoIpBOBKTdPitp8sL2DQqH+LARRK8kFjcC+ffto186dFBg3QKj33PuHtqMjgVtsh1QECgLOIDB9xjSifQOy+x0JinQAEqR9aW9vp+Li4oEKw3wPM/mGhgbtGnz2zDm61NhIR2s/ond//nMVpDuf8vN8Ol0OZq2fu22G7WgJudoOqQgUBJxBYOLECeQvLqL2tsFmV7AWGI7mWB3BIF1S3mn19ef1a37TxSY6f6GeLjaq7e/OEWIGIPYCXIThMIDFv7GBgM7dxXnI1j3hTCJHIVdnvgciVRBwBIEnv7eGnq7ZFCEbizFtza10XhEMYqNmS2lTWV8xG+/t7aW29lYdP+HcmTo6r2ajWOkPdgbDBIrxG72tQKKYneaOztVRw8wLViBWzFgfXf1tgiWGE0XI1QlURaYg4BACmL1+//vfpR/84MVwC3CBBbGcOH7CkXxT4YZs3rF6bWfirDt7hqBHBgnCWQKWEUjFYiRQX4FPB7wGgWI2Gm8BqULH6oQqwNgHIVcjGrIvCGQAAiCFlSsepp279oR7C6I5WnssfOyVnWiv7bDLBYG2trRRU3Nj+LUd/casE+ZlsIIAcaJgyyv7+kQc/0DKE6uqVGjBAqqqqlQqFb/a3kD4gXKjCLm6gbK0IQjYjMD8+Z/XRLFt24tKf+jTr77/dfhX9FuVjtrttNrNzS10oeG8VktEe22H3jPUOWDNMNRreyJwYSY6riKgEzOCQAOBsTR+/Di1uOdPRIztdYVcbYdUBAoC7iCAGdhdc2bTkSPH9Mo3khS+9Dc/sj25n9Xr+6n/+1/tFcav761KPxrrtb28bCxRWeK4YPZZXFREVRNuUK/+15Nv9GiqVPsIZIPssekm0FgjEnKNhY5cEwQ8jsCdc2ZpcoVusrKyig4e/CndOaeali1bllDPo72+86p7qLtnyNf3RF/buYNWr++YfZYq8kRMBacWnLh9p7ZCrk4hK3IFARcQmDp1Mk2ZchOdPPkbbV4Ed87nN28lmCTdPvMOqqgYT8gX1d7eps2Vmi9dos6uTkL8V148gutsi3q1Z7Mlu1/f8doOvWdhYaFewcfsk/WfXp99pvIIhVxTQU/uFQQ8gMDqv1hBjz+2Xq+slygnAiz+vPSjlxSR9etiYSzf1R2KsPc0dtu46p7o63smv7YbMXBiX8jVCVRFpiDgMgKbt2yg57dsJ7y+w6YTKgIUkB/0oSBcTZxJ9CtbX9uTgCKhW4RcE4JLKgsC3kQACztbt9bQP71xQOtguZcgWrMBPV8zbn15uSo9d6nlqnuBSuSXqXpP4xjd3hdydRtxaU8QcAgBEOBD3/o6zVNmWv9x6D06/vEJPZPl5kCgmbjqzv3PtK2Qa6Y9MemvIDAEAjDRYkP5trb2cG0vmy2FO5lFO0KuWfQwZSiCgBkBIVQzIu4dSzxX97CWlgQBQWAYISDkOowetgxVEBAE3ENA1ALuYe3pluJZUfb0ABLoHKJIJVsC1ys3TimCQBwICLnGAVK2V8EqM2wZkyVYeNxkSslTfYVBfbLlJ+/8KyEjAC8YJStH7st+BIRcs/8ZxxzhIWWy87N336VgSK0qJ8k5B//tZ1StfNy9Pqv7VKX92PvGW9pTKSYoMS6+ue8A5bxNyqRpAt2zYAEhOpUUQcAKgREff/zrq1YX5Fz2InD69Bn6qPY4gRQhnpL/AAAEYUlEQVSDnf0pQ/o+JcpRP7WpbJ/Z+CTB192rZcMzm6juzBlbu1dYUEQzZ91B9y38sud/XGwduAgbEgEh1yEhyp4KDSo1xj/845v04dGjjg3qtd2veNKb58SJT2jLC9scGzcEL7t/CS2678uOtiHCMweB5DX7mTNG6alCALrCdd9b7yixAuj3fnnYk3j/5/sfON6vfW8foEdXfZdA5FIEASHXLP8MwENn+w9fInzx3SiHjxxxo5mE2zitIvS7UaBmwQwZP2ZShjcCQq5Z/PyhW/3OqjWOz1aNEDa3thoPPbNfVlLial/wY4YfNSnDFwEh1yx99ng13fjsJr1I5eYQJ954o5vNxd3W7Jkz465rV0Xotnfv2WuXOJGTYQgIuWbYA4unu24s3lj1o7MtRF+9f7HVpbSfg8kU+ud2OXTokOhg3QbdI+2JtYBHHoSd3fjGQ9+2U1xcskBcf3LfH9MjDz9IV/v69D3BYH9Epu7LkaR2+fLlsMzeXmUDdq30XbnCu0Nuc0aNiqgzcmS/yfZok0ND3mifrldY6Kf9b79De/7udSoPlEXc6/QBzLVefflFp5sR+R5DQJwIPPZAUu1OOlaqQazI3VQ5zk/Hjr1HLS39pJrqWOy8v7TUT1OnjKXJk6bQJ6dOukqwWOTCwqJEqLLziXpflqgFvP+MEuphQ0NjQvVTrQxiRQ76h761kCpuGOtJYsUYmfD//JFFmmCbGpq1w0Sq45f7BYFoCAi5RkMmQ88jJbFbhXWYi76ySM1c/WECc6v9RNsxEmx1dTU1X2p2RQ8LtYDMWhN9WplfX9QCmf8MI0YA91N8mdmtNeKiTQdMqoFxAVp833xPz1jNQwbB4odgyZJ5VFU5gd5//z2qP19PPpUhtaC4Xz9rvifZY7gSI011zVNPJitC7stgBGRBK4MfXrSuQ7+3+vE10S4ndZ6JAjfD3GrW7FkqOlRAy+IZYVKC03gTz7ZPfdJCvz5ymBouNKicUyFbiJbVJV//xlfFJTaNzzidTQu5phN9B9sGwW7b8WJKgUp6Q33U3XM5TDhI1zxnTnXGk6oRdhAsl49qG+jEyZN07uw5peJo4dNapzxiVE5Mm2H+8WFyxqz+sRXL6JY75oTlyM7wQkDINcufN4cUHCoaFBOpEQ68Jpf5x1JFRYCqqiZkFakax8n7TLSYif/uXEgTbWtLGwWDHer1vkv/0HBd89ZX4CN/kZ8mVlXRgj+aS1MmT6Eiv7teYeY+yXF6ERByTS/+rrUOV9i6unME33+4qDY3NRP0shxiMDcnj0qKi2nUqOuotKxUk2lZaY7Wp3InM/X1n/ufyNZItLgPZIvS1dWtcAtSd6hTHy+65y4K9Y2gCROqqHxMgEbkyBqxBkb+kZCrfAg0AggkPfK669QsrZ1g9N/V1UnBS03UGurS1zuUmgHFV5A5WQd0h5P8F+q8TEXF/SqDEl8+5fvVD49a9IKTAhwT/MVldPVqv7NEkk3IbVmOwP8DDuHI2EA9yjgAAAAASUVORK5CYII=','http://file','2021-01-11 08:43:04',1,4,4),(4,'New Name 3','<div id=\"editor\" data-v-21616420=\"\" class=\"ql-container ql-snow\"><div class=\"ql-editor\" data-gramm=\"false\" contenteditable=\"true\" spellcheck=\"false\"><p>wef</p><p>we</p><p>r</p><p>qwer</p><p><br></p></div><div class=\"ql-clipboard\" contenteditable=\"true\" tabindex=\"-1\"></div><div class=\"ql-tooltip ql-hidden\"><a class=\"ql-preview\" rel=\"noopener noreferrer\" target=\"_blank\" href=\"about:blank\"></a><input type=\"text\" data-formula=\"e=mc^2\" data-link=\"https://quilljs.com\" data-video=\"Embed URL\"><a class=\"ql-action\"></a><a class=\"ql-remove\"></a></div></div>','data:image/png;base64,iVBORw0KGgoAAAANSUhEUgAAAVcAAAFuCAYAAAA1RFt9AAABQWlDQ1BJQ0MgUHJvZmlsZQAAKJFjYGASSCwoyGFhYGDIzSspCnJ3UoiIjFJgf8rAyMDNwMtgyGCZmFxc4BgQ4ANUwgCjUcG3a0DVQHBZF2TWgw8aXl+rko/N1GNw+6sbNx1TPQrgSkktTgbSf4A4ObmgqISBgTEByFYuLykAsVuAbJEioKOA7BkgdjqEvQbEToKwD4DVhAQ5A9lXgGyB5IzEFCD7CZCtk4Qkno7EhtoLApyuAcH+fgoBXgTcSjIoSa0oAdHO+QWVRZnpGSUKjsAQSlXwzEvW01EwMjAyZGAAhTdE9efz4HBklEhCiBXIMTBYyjAwMG9HiCXFMjBsB4aLxDOEmEo0AwM/MNy29RckFiXCHcD4jaU4zdgIwuaRYmBgPfD//6f/DAzsQLV/z/3//3vG//9/pwHN/8LAsN8PAC26Xt/rR7l2AAAAVmVYSWZNTQAqAAAACAABh2kABAAAAAEAAAAaAAAAAAADkoYABwAAABIAAABEoAIABAAAAAEAAAFXoAMABAAAAAEAAAFuAAAAAEFTQ0lJAAAAU2NyZWVuc2hvdC+jOT0AAAHWaVRYdFhNTDpjb20uYWRvYmUueG1wAAAAAAA8eDp4bXBtZXRhIHhtbG5zOng9ImFkb2JlOm5zOm1ldGEvIiB4OnhtcHRrPSJYTVAgQ29yZSA2LjAuMCI+CiAgIDxyZGY6UkRGIHhtbG5zOnJkZj0iaHR0cDovL3d3dy53My5vcmcvMTk5OS8wMi8yMi1yZGYtc3ludGF4LW5zIyI+CiAgICAgIDxyZGY6RGVzY3JpcHRpb24gcmRmOmFib3V0PSIiCiAgICAgICAgICAgIHhtbG5zOmV4aWY9Imh0dHA6Ly9ucy5hZG9iZS5jb20vZXhpZi8xLjAvIj4KICAgICAgICAgPGV4aWY6UGl4ZWxZRGltZW5zaW9uPjM2NjwvZXhpZjpQaXhlbFlEaW1lbnNpb24+CiAgICAgICAgIDxleGlmOlBpeGVsWERpbWVuc2lvbj4zNDM8L2V4aWY6UGl4ZWxYRGltZW5zaW9uPgogICAgICAgICA8ZXhpZjpVc2VyQ29tbWVudD5TY3JlZW5zaG90PC9leGlmOlVzZXJDb21tZW50PgogICAgICA8L3JkZjpEZXNjcmlwdGlvbj4KICAgPC9yZGY6UkRGPgo8L3g6eG1wbWV0YT4KoQaVSAAAQABJREFUeAHsfQmcHFW1/pnumZ7p2ZNM9oUkJCECISg7GlkCBAMoT1RWBTdQ0edT1Ico+pdVBQEXREABER+goCKCIAQIaxIChEBCSEJ2sm8zmbWnl//5bvfpuVNT1V3V2/RM3/P7ddetW3erU3W/Ovfcc88tW7ZscYwMGQ4YDhgOGA7klAO+nJZmCjMcMBwwHDAcUBww4GpeBMMBwwHDgTxwwIBrHphqijQcMBwwHDDgat4BwwHDAcOBPHDAgGsemGqKNBwwHDAcMOBq3gHDAcMBw4E8cMCAax6Yaoo0HDAcMBww4GreAcMBwwHDgTxwoDwPZZoiDQfSciAw/znq/tcjFGhvo/CY8eSfM4dChx+ZNp9JYDgwUDhgwHWgPKlB1E4Aa/DhBymIe/L7ibZtJrr3bqK2dgodd/wgulNzK6XMAaMWKOWn30/33vnAn21rBuCWv/227TUTaTgw0DhgwHWgPbEB3t7ytWtoSIXzgKnmjlvJ19w8wO/SNN9wgMiAq3kLCsoB34YNaesr+82v0qYxCQwHip0DBlyL/QkNsvb5OtvT3lEt62ChlzVkODCQOWDAdSA/vQHY9mhVtatWQ/9q1AOuWGUSFSkHDLgW6YMZtM2qcQeuuP/Kf/xt0LLB3Njg54AB18H/jIvqDsPjxrtuT+C1RUZ6dc0tk7DYOGDAtdieyCBvT3TUaNrTHXZ9l5X/edx1WpPQcKCYOGDAtZieRom0JTBlqus7DbzwvJFeXXPLJCwmDhhwLaanUSJtqZjgXjUAlpSverdEOGNuczBxwNmaezDdpbmXgnHAt3ULlb/7Lvm3byFq7yRqbKDuQw6l8KTJyTZ0f2AGQSJ1S5EnnyQyfgfcssukKxIOGHAtkgcx0JuBlVf0t4eoZv3aPrcSmPcUtY4cQ2Xnna9ANnzwwdQZiVAV/Aq4INi97mPQhr7WkOHAQOFAmdlae6A8quzbGQ6FqPqVl6lsxXIK79ylCixvGka+UaMoMnYcYSY/EwADsNbcfIOrBnaddgZ1zplLwb/e70l6Dc0+mTo+8UlXdZhEhgPFwAEjuRbDUyhAG2CQ7//RFRSMRXvXBo9Uy95KxrVUVlHVkUdS9+FH9RrKJxPYBPz/ecIm1j6q8rFHKTxtOnV8+lxP4Nr2xL/JZwOu+GCAygMB+wpNrOFAP3HAgGs/Mb7Q1VawJ6o6K7DaNKK+i/WkrA+FTlQB7Udm9dGZ2mTzFOW/8acUvvUO6jxoBlVpwJ6qEDh7aWMJWdfdQvqNPvcsdURjFDz6WOr+6HG9rqcqz1wzHMg3B/yXXnrx/8t3Jab8/udA+E/3UBXFPDWkMhImPwNaYMHLFH79DaqIxShWVUmx2rpe5fi53Io3l/SKS3VS7mMjlQ0bKHLKqarsVGn1a9F9+yhy+BEqCqqI4IP3E8oK+n3k3/J+vCwuNzZ1GrezSs9qwoYDBecAv+WGSoEDviyHzZhUwnr/uuuuosrbf9vL7yp2EGjbb5InNkJiLV+5QkmvbjMij/gbcFJFIE2E1R+iLnBbtklnOJBrDhhwzTVHi7Q8L4b76W4BAAa/q2U/vDzpvSp82feURUC6vPr1jscfU5Npely6sNi8hjZucEzayOqPql/f4njdXDAcKAQHDLgWgstFUEf3OefnvBX1Lc1KmgXIYgeByA+upNCsj7quByBIe5s9gXLZa4vj5Xd1pawHJmHKPCxlKnPRcCB/HDDgmj/eFlXJ0YYG6vjc5/PSJoAsJFmoC2BlAHMrt/4DOt9eSoFpU9y3a+mSuGqgsjJtHifVQdqMJoHhQA44YMA1B0wcKEVAN5ovgAUPlLqA7V3Ltm6j4KEfpL1l6V8vZZ0QqHSts8XCA6gGAuMnpGV7aPWqtGlMAsOBfHHAmGLli7NFWi4AFosFKp98guDSLx+EcrECK8YmUpRivyypO/T2MvKzyRfZrO6SNPrRv2wZI7naO1aP7hPGtt1tbAdrbGD7sMZEFIAD6UWLAjTCVFFYDmAVVseFn6e2iy91JV1m0jpImKk2ItTLhCVCdMIEwiosNwRVQvfOHW6SmjSGA/3GAQOu/cb6/q8Ya/wjN9zsSUear1Z70Y9CIu3esD5tU0LVNUZqTcslkyBfHDC+BfLF2QFWrvgd6H7qCcIE1WAg6HyDc0+j6LCm+G/oMMLEniHDgUJwwIBrIbg8wOqAWRU9+bith6sBdiu9mgs9MKRZP6tF4FM2MmK0Ukd0stMao5ftxSpzkgMOGHDNARMHaxFYDYWZeUwgtb++mJRd6iC8WYBueMx4ZRIWmbR/xt7BBiFrzC1lwQFjLZAF8wZ7Vgyhw1MPIN+uneSrY38Cg0RdYH1uyq8svIPhxw5rQHBag1VtSXeMzAejUrByzpyn4oCRXFNxpwSvibSKlVAdS95wPeNfCqyCw2+YjIUPYKA1jrtL4ZFndY8GXLNi3+DIrAMq8QootzsEDI67z+wuDNBmxrdSymXAtZSetuVesfa+4vn5FF30igFUC2+8nMIjmO+44wkLNAwZDggHDLgKJ0rkqKRUHu5HXnyBYLxvKHccgOlX9Uc+4mkXh9zVbkoqNg4YcC22J5Kn9mBX1soXnqO2Z54xetQ88Vgv1kizOjdKM2zAdZA/98DiRRSd/9ygs1kdKI9NpNmuWcebSbCB8tBy1E4DrjliZLEVA1Dt/sffBs1qq2Ljbybtga9bA7KZcG5g5jHgOjCfm2OrDag6sqZoLiiQPWWusZstmieSn4YYcM0PXwteKiaqKllSzZcbwYLf0CCvULlk/Mx5FGIrA0ODkwMGXAfBc61iPwCxf/7DmFMNwGcJe9my8843W4IPwGeXrskGXNNxqIivw0418oc7jF61iJ+R26YZVYFbTg2cdAZcB86zSrYUKgDf7283FgBJjgyOAFQFZR8/kzrnzB0cN1Tid2HAdYC9AHAHGLr1l8ZWdYA9Ny/NhY1s9EuXmAkvL0wrwrQGXIvwoTg1KfgIT1jNe8rpsokfRBxQE16f/5JZUjuAn6kB1wHw8IwaYAA8pDw1EbrYjk+fm6fSTbH55IDZQyuf3M1B2Vi2GvnRFUa/mgNeDsQiAuxftvwXPx+ITS/5NhtwLeJXQHmtuvrHg3YHgCJmfVE1rYa3HPdfezVhBGNo4HDAqAWK9FkF2B9A8OEHi7R1pln9wQHoYSNf/W/Crr2Gip8DRnItwmeERQEGWIvwwfRzk+DEvOaOWwlLnA0VPwfMHlpF9oyMRUCRPZAibE7w3rtVq4xz7iJ8OFqTjOSqMaO/g5BYjalVfz+FgVE/ANZIsMX9rAy4FsnzQUepfOzRImmNacZA4AAAFtYkhoqTAwZci+C5oIPIUK8ImmOaMIA4ELn+GmNFUKTPy4BrPz8YmNdUsLmVIcOBTDjQGItS+PLvGIDNhHl5zmPANc8MTld87Jr/Z1wFpmOSuZ6SA0Mqyil2w/Up05iLheeAAdfC8zxZY+Xtv6X6rs7kuQkYDmTKgfqWZgr+9f5Ms5t8eeCAAdc8MNVNkZjAqlr2lpukJo3hgCsOYKmssSBwxaqCJDLgWhA2964EelYzgdWbJ+YsNxzAexUOhXJTmCklKw6YRQRZsS+zzGW/+VVmGe1yhSPk62wnf0d78mpXKJwM2wVirKOrqK6maFU1UbnfLomJS8EBX+s+6m6P87usOzWvKwPxLhYJMq+ZCsHzyht+RpEfXJniDsylQnDAgGshuKzVoXwGbNusxXgPonMLmKLTRsdNoGh9I5U3NFDb6HGqwMZwN9GQIb0L37NHnXesXknRlr3k27SBws0tBLD1D20yQNubW73OwHPhFY0YSf4DD6HIyFFUU1ffl8+cc+++VpU/tmcX+bdtJWJ+0949hHKiu3eTb+jQvAFtLb9fbbwFUHjS5F73YE4KywHjuKWw/KbYNy/NzMsVS6gVe3aq1nYPH0mRI46hrv2nUmQsA+vEKTRq5Ghqa2ykRl+ZqzuKsmqimkF236IXqOPVheRbvrSn09fWuSpj0CdinkcBjEy+gw6m4IeOpMAhH6TwIR8i/4SJKt7N395ojJo3rCP/+xuofMtm8q9ZRZWLXqKKVSuou6MzDrQ55nlLZRVbENzspnkmTZ44YMA1T4y1KxaTDZ51rTqoHnY0tR87i9qP/AjRxP2pjKXWIX6fAtTKhJ6ti49R9p6UinzsAIRqa3slqXrtVdr35D+p4z+PE23eRDSGJeASVhlEtm9T/PEffjQ1fPJsisyaTT4eGSSptdUdnzlDZSCgsnXxEUC7JxIlHwNt5eIFVPnaAvK/8qLiuZJmcwiyHWedbbbuTj6wwgcMuBaQ59GvftnT3lcy/O8GqM49k9pnnUgE3R3rV8dXBKgiUKE6rhtATXWbOthGWMKK3vcHavvTXXF1AQ+BS4lk2E6HHEoN376CYscel7x9SPvZEPgMoG1tbaO2tlba3dCoigu89TrV/OtvVPHsf5S6ByOTXBBcFHbdekcuijJlZMABA64ZMC2TLJ78s7K0CukRkkzrly6l9s9cGK9y3XvUwLrVIaxLDQaD1NHRkUlTUuYR6ayMO3vzLT8l2rA+L8PWlI3op4vR999XH5Tacz5HFVdcHW+FCwnVa3MFZLdt20b7MDk2dBiVsc479s5b1HQLLwZ48bmc8dxIr16fTu7SG3DNHS8dS4JpjI91rVhJk44gOYG6TziF9pz7eSr7wAzV6SpYUoVetba2hrKVVNO2IaE2gKQWufVGan3g3rh1QQ6HrOnaUNDrCd0q9Kq6tNq9ew/5We2SL5IP5B6eaGzGhBerejAqqX70r1QNnu/YRtlKsZBe227+DZUnVBP5uhdTbl8OGHDty5Ocx8CVoBuPV+hMmP1v/vHPKHTSaRTbzRNY27YoaXVYU5MaUrqRVkUyClg6VIhB3k1+MCDCesGKoXFrA0ixu6/4luKLf7CpCRKjhOBFFyelVS/DfwCklc9g1D6XEq88K6gKNm5aT/76BoryJCV0skOuulxJsdnqv7tOO4M658xVz8/8FY4DBlwLwGs3FgIipey86Q4lrZavfpe6u0MKWMeMGZNSWgUQQsJq0CZcAKQy7MQtQuodmgBLuWU3AIDOj8mvspfn075vf0VljQ4iCRaqgJrPfiEJrOmkVfDaysfdLOG28PLTdkidmGRktY3+LNzwGSAtAKuYDCmWadSPL6PwY49kNcG4h21xfbfdqcozf4XjQPpxauHaMihrKn/7baphz0WpSIC1+df3EI0dr9QAbKVKUAVAYk2nBpDOvm7dOnrs0cfo2fnP0vbt22nb1m3U0RnXywargjRy1EiaPv0DNHPGIXTCSSfQgR84UDWrGcP/BEBb26ksD/i6jyd26n54LTV/+6tEg2XxAfTJPHEl+tVUwKqDKj5cf//732nhgkW0fNnbtJVHHB1tHYrX4HOwJkjjx4ylqdOm02mnz6XZs2crtiIfANRO1YARBVQ+Q4cMo91sG0usXyf+IG77+W3UyGVWPf6PjFUEUEe18Xto9t6yvt35PTeSa375S3DOksqHgFgE7P7pr+OqAJ7UEBo/bj9lEWBnWqV39jeXLqFbf3MbPfHEv2njxo2SnYY3DU+GEdixc0fyHNdOPfUUuurqa2jixIkqHhKYXcfHRZFg2791cVySmrCfyjNQ/0S3HfzLv5XNaipgxT2KJHrrr2+lX/36V7Ry1cpet67zWuczEs0+8ST68sVforPPPlvlSfUxA5937dwZ18EiNQMsJruGXXJeXEWQId87D5pBXZd8TdVv/grDAQOueeQzJrJqvvV1Z5eCCX1fF1sEtH7rBwRVAAjqAEgwI0eOtNWR6sD67W9dRjffcpPKhw5eFaxS4XR/nWy8DhBAnm9/+9t0+fdZv8fk1PFRJ3Sw0Ee2fuJEirA+eMDqXxN8b7jpNoqd/kl1T3b80vk8b948uuw7l9GbS95UScePH2+XxTZOPngA2V/cfAPNZGkZZPcxA7jiY7qOt9NOElQELMmOuPhcFZWpWmbXjb80E1tJpuY/kL+p0Py3vehrqGaJEjt2OhFWXEXOOkcBKyYwQKJndQJWpIEaAJ39gGkHKGAFQKKzC7ACONGh9R/y6YS006ZOUwD7/Su+T0cfdTRBAoaEZie9Ig7AClOthuviYE4AqQFIWHWFCSwAK4/Tbe9AB9aLL76ETjrpJAWs4LMdsKbiueSZ98zTdOjMD9IPf/ADVSfUAKhHJwArABajFhBUQwBWWI1gohMkUrc68fBX/crLHlKbpNlywH/ppRf/v2wLMfntOVB2/58p0MwmNjak9KxTp9PuqxmoeCIElgHRaBysRo8aTdFYjGL80wkdcciQRlr+znIFhrt271IdvVwz8QKgDhs2jE4++WQ6dc7HaMaMGRSJhmnlypVsbVBJdXV1FA7HnY3gCDDFD2X+7ne30ymnzKGpU6dQV1eXXnUyXIa8+0+jTl5s4FvEnTVhCJ9MUOQBBUyNQ6jqptuprKqKulkH6rMsGRZghY70hBNOUPpVfMDGjR2X5J1+m+B5TXUNfexjH0vJ81Hsi8Dn89ETTz5JLc37aO5pc/n7FOnznPHca2qqqTvUzZNkbQpgffysuw8/hnccYNXNS89nxPcQO5uJHvthvekmnEcOmAmtPDEXKoHKNauJxcC+NSQkvvZzLkoaj0NCEalV7B/1jNLhMZQ8dc6p6hIkT5mwQgQ6+VlnnUU33nhjUo+KeIDEVT/5CV173XU4TUq46iTxh7KgRzzzE5+g555/Tk122Q1b0eErOM/oT11AO3lFURT3Um5zj3rhRRSG05TgRZ9SEjgkcTspHRIl6LzzzqMXXnghKanqvMZ1TF6BZ0cdeRTdfufvksN9XAPP77z9TvrJVT8h2LFipID8OAKoocqZOeNguvALn1eqGOTRCZOY9WyWpexfExcwutl34SU9fgk8ruTy8/vYyeUam1ed0/kLG7VAnnhb9f4mR5UA1AFqSesppys9qxr6JdqBDoWOZSXp8Bd+9gIFonbAik7+0EMP9QJWlAM7zGuuvZauv+76XpNaeh3o+KIm+O+vf1Ndkjr1dAqMeCjdedgR5DtmVtKxiZ6mWMOQWrHqzXfBFx2biI8Y+PWvR/9FDz/8cBJY7TIIsC5YuKAXsCItyrj0G5fSr3/z6z48F/XNRV/8AsHCAyMH1KsT1ANY3owVefjogiJs7oXJrfZTz9CTug5DRRVgCdhQYThgwDVPfPbtinuw6lO8SK3sKwAkHUekVnQoO+sAdNYHH3yQ/vX446rDW6UolAXpKRVh0mrWrFkKnO3SoUxIVdANQqeLOq2dHvmkfTWz4xK0XVnFGAcfrPggKI9WDrpW+aBcc801rm7hrnvuSpkOFgJ2PMeHDPSNSy9VR6lXnST+4IfAr4188BGG9NrFC0y6WaWUie7Vl4cl03qbTbiHAwZce3iR05ATuCqplTsGnLD4Wc+qS63oSOJBSW8M1ASg63/K685tCOoAdGCZhbZJkow6+9Nxc6BkhCUgUtUtN8Unrew6vWSB6z0f9IiJJbsSX6xHOLYOfvAI1Tz5QOhtFan1j3fdTQsXLUwptYLnmP0XW2G9HGvYjuf4kGGiCx9Lpw8ZRjA1NXHvZfIRhvSKFVxdR35YuYi01pXu3LdhQ7ok5nqOOGDANUeMtBYT4+GeE2FYh+EdOopO6EhWlYDe4WEGZDdTjTJGjBihF+UYruWJknQE6RWd/uWXX1HSq216lvyUBDh5StIrv226YonkEUN5Qz0FD4qbQdk1Cx8S6Er/cM/ddpf7xDUO0VwQ9rnaE5GO57fddptKbP2Q6aoBKQ0fY0x+7jv140Rs8+r1w+Zfp5l4SaHmmBcOGHDNC1t5QmP1qj4loyN0D2miMJyxaFIrpBJ0GmXuxLo2naAmAD36+GN6dK8wwPCtpT2LD3pdtJy8+dbblpi+pyK9PvTXh/peTMSI5BecMo3SbXXiWEgBL2ArHOzY0M7tdSKoQRYvfq3XJJZTWsTngud4dosWLVK6V9TvhiqgN2Xb1/IZhyZ3pHCTD2lCmza5TWrSZckBA65ZMtAuOzYgDLS39bmktmZhSS80ZTqpDqKlwJp0tQpKi0Owjtf1Y2366vfY8sCBAIaYXPnp9T91SBGPxuz/fff9qc/KLadMq1auUJfs2iV5yhmwBgKpPa94cki5VHTQt+I+3njtdVe3gxGEG57j2aXiOZ4dVAwLFy50rFfXu+qJWg46RD91Fe7eZNQCrhiVg0QGXHPARGsRsEl0WjyAfZeUw2trphTnGzduoN27dqcERUhAWAyAobwdoQOf8NHj1Mw1HIu4oY2b31fDZAC8E/nYFyn24BoICwqwxxhIpG67e9qydbNdtG2c8BwTjU50Hk9oYSVcOp7v3O4wAepUMMdjix+18WFikjRF0uQl+BnAx99Q/jnAvcJQzjnQFt8Z1K7cMC9r9Up79zQTVgClInRedGLYqV5wwWeVw5D9999f2Um+OP8l+hnvCAqAtZpwOZUJ4IAzEnjWctLzOuUt1vgutkuFxlmWmOrtFOl8+w73ICeAec455/Ck1DPsO+AzpPP8zrvuTK7qsrPu0OtPBerQxStnLnoGLDyBe0L2UAZ1k5clsfj4RxMfGr1IE84tBwy45pafqjQnSwFcjLCdpVeqqY1bC6TKh84L4ITBOgzU8QMoig8B5HULrKnqGcjXKplHTpRKmnXKA55jWA8+33nnHepn5XkuPkzYEsZKUDGF6lgS59Vm5NVaI8XH31qPOc+cAwZcM+edY05MnvQhD0M3a144cYGUBOBMRXpnRzqRdqWDp5Oe9LIhBU+ePFk5j8EMeqnQiOFNGd2q8NjKc7eFjR41xm3SZDrdjC8Z6SJg+366yGeSeOOA0bl645er1GWdNkP48tRLROFo2U56ArCh48IXKwDPC0Gqwi9TGjd+nDLFspqHZVpef+eDWiAdzTjE+ySRXmamPJ9+4HS9mPyGjeSaX/4mSjfgmg82h2ycnriQXGHTKro/aZZsy3I4LzctNB1+2OGqSjvQl7Zs6bS5V7lYRMeqMt7iOoVaQJp61FFHJdUpEpfPo+jBDz88zmu7uiIW8zy7NCau+DhgwDUfz6Tdm+SK4Z2swLE2R5afwqN9oQhDW0xonXPuOemr3JtYq55GMk9fUP5ThHmWfG80ZrsKDrVjlDCRHYfPZE9iXkcJ2bT+uOOPV/4F4EvXSviwYVRjaOBxwIBrPp5ZdWZDcezDZF3+ioUF6PTYKsRujXqumw9PTwAW7FIAoIGdph1BwgZQ+dnLFKTCYidlsoQdVtmhTpeDsT62YAFd8pWvFuR2RD976dft6wOP8XGVRSbWRqkPsgtp3JqP/SP2iTIRueeAAdfc85TITnJN1AMwciJIKFADWFUD0um/993vqazSKZ3KySZeJs0u++53VDFwMWhH8hEox35PA4X27ulr0qS1XT5kp59xOs05+RRHBzdalqyC+Ih9+csXK58Qdh8x8BgfXDvCxyKwj6/xByGKPc28kNG5euFWxmkNuGbMuhQZU0iulSuWKefY1tyiGmhpabGVXtH50OlTuQ20lpnJOTr8D664ItnhAThWAvhjkquZHWb7V62IG7JbExXZOQAI9qDVK99RErc4w7E2Uz5kv7vjdnUJOtFcE0YHKHfmoTPpN+ySEGT9iIHH+NA6qgQYXMvfeYvgCMizP10jueb6kdqW17fn2CYzkZ44wB7/7UgNTbdvIdq2haIJT1fWdPsYAOxm59H5oB6A28DPXnB+XqQqdHh4eoLvV9Rl7fDSVkhUe9nzPjq3j5dTepacpKBCHlknDNtQ/5pVtIeH2nY8RnPwMcGHDCqR3/zqN6qFGCkAEHNB4mAbOu1H//mossawc0oel1pbHFUCaEvle339V7hpY3RYk5tkJk2WHDDgmiUD7bLHePsQO8IqmoqN65X0FGGvWFYS6XUv27NaJSt0epGq7v3Tfcr7fS6lKpQFne7T855SzUJdTlIrJCoAlJ99iyp/CQxcA4UwcoDTHHw4rDyWe8A1ACycXctIAX4EsgVYAVbUc9dddymrBExiWfksUmufVVmJBuLDDHeVA2XUIHwttaMB1zw88VSSXDdLQZWvLUhZK6RXO90rOiGkHNBT856m0+fOVRJsNiCLvPhB9/f888+rsu0kKXWB/yBRQS8LgKp++QWJHhBHeCTzLV9KgdUraCN7IrPjMW4EfNZHCg888ICyngDAZkqQfpEfNstPP83PjlU8dtYBKF94jLB1oQAmsfBhrly8gCpYJZPqXUN+O4qyPwhD+eeAAdd88DiFTgvbjPhfZecqvKNnt81LLtIrAAydzDq5JQALZyqPPvaYGrqiwwpIupnsQhpJjyWxAI87EjrGVMAKSQ++Bpr5CIACUAGwBgyxhI09tCpfmq/86QqP7doPPgN8IcFiN4FFry7q9TED/9LxWuczdNlQ5yxZ8qay/HACVvAYowZ97yy9fXg/yljfmvxA8z15oT3sMNz4FfDCsczTmt1fM+edY84yli4Dr71qez0GfeyG9eRnpxvdJ55KEda/Wl3K4Ry7fkZ56I39lWS3VikQu5W2t3eofMccewxdeOFFVJHoZK28Dh0dHxNjTj/sYjplyhS66MIL6cG/PEgzZ85UINLmoApAvQD5btbD7uTta6IsOdXfdSsFWOca5d1kBxLhPvysmuk+ehZ1sYeoMPOxsbGxD4/lnsK8+AP651GjRtF5559PWFixe+cuxftOXom3ZesWRz5jR9ip06bSKbwt90033UyXXfYdpYrAB8y64yzqQ9sUIG9ar6q3k1qjEyZS4I2FVHP7L9kbWQWp90ka6+IYGTOOYuwdzVD+OVC2bNniWP6rKa0afNzh6q67yvGmxXv89jvuV06PIcXadSQUAL8CI0eOVFKUXYGwgxw6lJ13JAgb3sE36No1a2n79h1sqdOqrtSyZ6URI4bTwQcfTAfPOFhN2EieVNIqypd9vd5nF4TdY8ez5PcsDb38G3Gp1aPkJHX265E/bpGzzqG9V91EMf5AjB+3H2EXAEiqTgQ+II04tAbPVqxYofy/wqOV7k0L/gngK+CDh32IZhwyQ/nkRbmQgp1WuwFYcU3xOOE83a4t4H/T/3yJKli11O1x91eU13nQDOq65Gt2RZu4HHPAOG7JMUNVcTxsS0XKPRx38FF3/5a2/fw2KuehnpVEPSCTGk4Ai+GrDDExpMQsN37pCNKYgAnKcCIBHXR6sXCo+8Ot8eQDEVi55VDNVDz+D6o4/ZMUmvEh2sgft3QAK2oCDNnxscEH7VgeNeCXjlKBKvK6AVboWst4B4vqR/4SB9YM1TE+lsANFYYDBlzzwGfotKDbgmNiR+LhWdkzT1KQO0vHJz6jJCir9GoHsDAhcpJ+AJYCmFIvOi7IKY+kszuK/m8rqy5U555yANXdfC3R0iXUzfs3DVTCxw1WDvU3X0c7b71XqWg28lBcRgmpeAyQBS/lgyY8ED7j3AuvrTy2vgMoT63EGjmasPNr9e9ujtsVZ/hhizR6d3mJNhjyzgFnkcV7WSaHxgH/sDQzstw5YPda/ZsbqXz1u0o9oDqRVgaC0tkgwW7evFl1XHRIt4SO7qWzo1wABX6YvALoqHbxnk0YQgf/dr+S/NzWX6zp1JCaPxJ1f7xd7aaKdmbKY+QVPrvltR2P5VmjPJ2gn8fuFcN/eb3S13txjK2Xg7CxcbVyJH/nBlzzxFtfsCZtycrulVfYNFz5rXhalk6cABYdDzPIGJ4D9NA5AbI45oqkTADErp07e5aKcrswQ910y/VK4sumc+eqrbkoB+oBfCwqFr2ohtwoU3iM4b/woxA8tgNWeRewlXb1X/5I4cceIeIRT1aUwpIlq3JN5j4cMODahyW5iShvSiO5JqoRCWrI9T9U5kHkALBIjg6IDgcJC+AHAAAQovPLz2vrBUCQD7adAG4AeNIUiNsDqWnk99i5yIvPZTSJ4rVNhUqfVA/8+LtKKodOU3gMiT2fPF63fq3iMeqzA1bwAPFhVsUA/Gt/f2t8xJChOqBQPDX19HAghVKwJ5EJeeeAT5vBT5ubpZEqnmAZyR6Otv7kF3EVgY0FAcqRjgjwww/n2Dm2noeO0Ad6kbIAzABUrAjDwgWRlKQezEwT6yYxOx1mYM1aakLBRUb4uFXs2EYjLj6Xmn/8MwqddBpVsJoGvCgEj+3YgbqhCoDECp18w9WXKxVSLkYMZgGBHcfzE2fANT98VZvHuS6apRFljM/DviZeDrnnRz+lKEtRBF2sRuh0Aq5yVCCQAAIBWrGbxcZ2VpL9mOCAGU5BkF8I+aUOSEzEOtamK/6baCW3YwBPYMn9OR0FYGFe1vyNDdRx4VfV0t4Ie6QSnjTniMdogzw7u/ao58GjBdgS1/LkYe2f/5AzYO3kZ26ocBwwdq554nVg/nMUfPhB76WziRaArOUnN1D3kR8hzBBLJ9cLExC0xunnEhaAkHP9qHd0lKlLTLU3XqV0rEp1kciEDuq0bbhe7kAIW+8F9sewIuiceybt+Z8rlDrEaoOswM/m5lLxGMl1PttkT37UMFqA3wBMXkHHCr1wLiRW1Lm3zEdlv0yY0dk1wsTllANGcs0pO3NQGAMrhqnDvvY5aj3/i7Tvwkt4JQEvMX1/Y7IDoha9swrQ6nHSEh0M7K4jneSHzjHC4AJzK5GYAKyBsjIKxWLKvCzIq8MGC+EjAZM53NMwNptrYxMtrNX3P/wANfG6/Z0/+pma6IpqHzg7HrrhsRPPknlZWg3zc658+jGq+8U1FMZHltVF0RzqWMtHjCIjuzo9idzHG8k19zxVJQYWL6LgvXenLF0fpqFzd/NaOYAYSO1FD8faHzmeWr74NWXsjhl7OEyp4H3nnUiA0um6xEs6+Dco404dY1Ct/s+/qPqBe5Qdq5pJr69XyXcxAO3GSjDW6daXlyfbKGUN9ONmeMjiDwjskmsYaNt4hwV84GAq1/HJc6n9M59V+k/wCFKl3UjCjgfCY7km53LEogw4YcFzhTle1aMPKesFSM/6aEHaJO9LpiMHszpLnkRhjgZc88RnN+CKqtFhOrgzdzCoooOPq6xQLRKglU7uO2YWtRx0CIVZusSqIkXo7PzzpVi2GU/Y8686NHdmAdTAW68rv6zwcIUllaDAyPgqnk1d3apdiBuswCpSOQBWaAyvwAKgdbB/Bjh6oUMOpa4jP0yRyVOp6/CjewGtF96jfCugVix7U/mYreQPG3xOiBoA9YPkw4Z3A5RyYYpK4fwXmn0yL1j5pHMCcyWnHDDgmlN29hRWvnYN1dx8Q0+EQwidG7SNO/f2UJhaGWxHVwVIOjiutXG88jjPYTXxNXkKtR87SwFthGeU+/iGZcBNEgOpTsoPKA9z4ei6ftlSir7yggKQCt6CW0AVHXpZW3yTxcnBSgX4AvZ6WYMpDDDDfa/v7E4+g4mVbCbFj0dAFjzqnjpdAW1oxqEUnTgl7tlM53EK3sPyAo7SK5n/gbeWUOXzTxP8+8INpT5SAK9bwr3bkouPW8dZZ1PouOMH02Mr6nsx4Jqnx+MWXKV6GfpBglrb3qWim3iYOiJQnhyuIhIdHdIqSA0dJ0yiCEua4SHDGGR5aWMjH2t6FjD423jTPd6hFXt3Yb8r/7atRGtWJ8FaABVDYegfAfDvR4nGsgX0ATVVyWGyqnCQ/+FDBzCFxL488XGZVF2ZlNoFaMF/qAyi4yYQ1TdS1/SDbHkPdgn/sWuA4j3vROFj94NSRjChegH/MYqB+mVLZ4g6+RzPf7+qirg+mM+zpbaLL6UwO+4xVBgOGHDNE599bFJVd+Xlnku3gmyXv5waYhGq5cmXugq/6ujQuQEIwvtaVPkCtjhRW8lYarVeVw6WeaJEVBIiMTeX+akyEqYDGVShnhjs0qqFTclTeQbvMsDiQwOeAOh0/iOxWBdIRjve45qV/+V19UpvLfyHSmhfN3vE4rpA+LAJqObyGey74kcUHcWLQgwVhAPGWiBPbA7xZEVa5y02dUOCAU1NqAbikmyYmqE96IpwR++iKh7CKrANxLeTCVbGfQ3ITH6VJuR0Ih9LWdDrglRHZsmM+AcVBAAVVMnXp1f7aSKXBQlN2qEultgf7h0frw/VBWk/pSJJAJ8d//kZQB8qvAerhP+K94hI8B+8B+1rjbs2BP8hoeIDCgAfq0mqANVcPgMAOdphqHAcMOCaJ16X8y4CZbxbAHXFdZdeq5EOroMspJud3EcAiM2QqBLqAykboOtE6MQ6oUMTlwOpOK7jjasAct2p9ToHUhhWGyFmGaw4jmmoTerEM+G/Le+ZGfig4ZlNqsSIJD78B49yCarC8xA77o6xtzZDheOAAdc88toH927bNmdcg3RwSFEA2e7K+MSXDCNbY2VK8tErQEdOBbJIi+tNPPTEMHcMS14YBhtQ1bnYExagg5pkJFsR6BOP+mfTjudOz0LUPCN4I0sx/0KNUldP7bkL+VkdEM5dcaYkFxww4OqCSZkmUc5bsgBXqVdAFudJUy0GWswoY7gPnSkIw0yQVVJCHDo/VAmYIBOjecQbUAUX0pMAH/iPH86h9kl+6BJDfLuShPe6zhYfNFCh+F/BW3kbcLV7OvmLM+CaP96yeU3P9iu5qkY6OcqDQf8w7qPS2ZVejeNFvyp1AkwxCVboDi31D6ajzn/50LUF4jP9Vr7jvoX3YomAOJShl4O4fFNs1Mh8V2HKt3DAgKuFIbk8jcHJcR5Jl2hRDcAWk1FWgnQEKnSHjtc6eP91fsqHznq34H38OcV1uNbrhTrPZAvuQrVtsNZjwDWPT7bQL7QVbPN4a6ZoCweKnfdmBwLLAyvAKU9rGMobB4zX97yx1hTsjQNRl87bvZVqUqfigAHXVNzJ8pqRFrJk4GDKHo4o21nRexfy1qCLD7GDHkOF5YBRC+SR37IVdR6rsC16jD9KmzZsofKGeuVCj3Lots62QhNpzwEGVF9nO4WbW6iSrTQ6WP/aMqyp4P5wQ0OGEuyuDRWWAwZc88lvXhEDqSFTF3Fem4YZadhhPrMvTKd99gvU8foi8m3aQN3t7VTGZkMxNoivqOY18eyz1ACuV+6mSZ8AUuE1UquPG/sfiJ0wnao/fBzd9dZKeuAvD9AbI8poc6Rwg0Y/g6sxw0rz/PJw2YBrHpgqRUZ5RUxneQUvh0wsGpcLeTzWs3OW+z/4cTr+8qtoPBYHvPYqdW3ZSNuXv02VK5ZRNOE4BNIUSAAXYQO64IILsgCpj5euRnhBAI0YSf4DD6HglGlUzqAaPOhQis2YSYGE1Dh3ToRW/v3vXEHcHtlFTTlJUjFhvAHXnHDSWyEGXL3xy3NqX10djwWbPefLJANmrMePHk6j3llEu3dsp/EjefO9w46gCjqCak//pCqymR3KVK9emQTcmi2bKMxu7zp3sRNu/kHCFcJQVndGkrR+GMxqBgZOEIbzQiKNCogq6Z+N8v0jRieB1MeAGmEwbUixxBTOtqdUocsVFlzzbRIofDLH3hww4NqbHzk/w5CsUOCqN/6+R+bRzIvP06NUWHV+C+CGQiFq37qZynk7aeJdDkJL36Bu9sTfzUBMLOlSJy/01KQ1FOTnuCj7J4DkCwLgCBUdCCcAE+3TQRPeqjpZD4oPigAn0vRSnTQO4X3FGpVbxyBvwRMYP5EqR4+nzgM+QHXwHeGBXnrsaVrdyR+vuJ8dDzmzS2omVrPjX6a5DbhmyjmX+bDskHiP+kJRc8xPZ1IrXfHA/fQjBleWm9MShq2BCRN5Y0T+gRJS7j6EW1spwlub8EbPFN6xi7q62mnL5s00bMcW2ruvNekjNsrbfIMgAWOlEtQTQgJeAGMhAWWcVyUWPuhSsqRLdRRXfgBIIV3yBmBaPwDtrAdXOnAGzSiDZiVLmm2jx1FjXa0CTuJZ9cpK3nZlOM+uNzRSd5DjbSaD4vtFSK3pj29u20aXXXUz/bEGXO35EKXPmX0KA67Z8zCTEnre9kxymzzpOdCY31Va1gZg1dAZQ4L0pdcX0lV3/B/dYCO9WvM4nStghnSWkNAqJkxmFQO7Q0xkYJm8F23cuJH8PIF3wK4dCoQhBW/p7KKR7a0UbtuXBGNkquzs4Fn0uLokucFKAqCThXKaJFX1FfcAjiA4TSxPDMe7OB0chzeGudQhQ6i8po6XIQ+jGt6qpYw/FHtr63noXq9As4tBM93HJxdz7ODLCaddQKGt79OnjxxC+ACythtNLwhFjRlWQfhsrcSAq5UjOT6PwDNWP9DpkybRzT+7mX503sc9D18zaS7ksUt++HN6/I+/Jpo4UYEwyhEgRtiOE8gnVMnqCZ0qOlqTp5AgdQIwCqUDyI38wfnJ7+9XH5o4HPM+YZy5pwQpKffHl19+hWZ/8X8VsF44lXfxZX2rvmw29zX2LhHOZXwp9MC9U5uzXHKgcPYguWz1QCqrH1ZpQTK6iVEkxlu7zDn/awXh1pxPfI6e/Ofj9Pa6tZ7qAzDKT6knoKJI/MoahpL8JE6OkicdsKIxt1x/C914yfl0LLcRYFcI2r17D1127c0061MXU6h5DwVGjaUTyjRJvBCN4Dr8w4YVqCZTjZUDBlytHMnxeXJyJ8flpioOklFDWYSunjGKFj7/Es298Bupkmd9DSCCekA33Hpv1uXlsgBM1t394D/IN/pg1UaAHfgxb968XFaTLGv5O8sVqB4y52y65cbf8LbZvPFjwxAaVltFJ9ZVJVQCyeR5D6gJ1bzXYiqw44DZQ8uOKzmM87pRYa6qFgfYB2zjDr1xE13wpc/Rndd+33ZyJtM697EO8+s/+QXd9/t7lWSGciClrVv4OI0fPz7TYnOaD0AKibph/DhVbge7qYLuE1uefGD6RJoz+0T63BkncPjAjHgD8F65+X16/pUldN8Df6dFb7+jRgwov6EprghBnefWddEfhkQKungANxya9VHq+PS5OeWpKcwdBwy4uuNTxqky3agw4wq1jFgGe9/eEF3c0qgAZfSU/ensMz9G//O5T2UFfuvWraNf//nv9OA//k1bVr+ngDWY8HXYvHM3jR47mpY++SANzYM/W+320gahBoBELcBqzYC2YrvrMt41dxS3dcKYUdTIE5DDRzTRiKlTaRLvoWWltfs6aPuqVbRj+07au7eZNmzeSrtaO+OAzYkx/BdeIC+AFeevDmulyYHCrsxC/V2nnUGdc+YiaKjAHDDgWgCGR7/6ZbWdRwGq6lUFlsM2+SJ0XEc1vbojLlUCTJT+78iZdPqpJ9I5c45PC4KQUNfwdtwvLVtL/3riGXp20ZtJ6U+kM71iSMoA8v4CWAzNT/nc/yjgdwJWvb1KmmWJWxHzpxexBAqeqc397K5xYgz7dUDV8/en1Ip2dHzu8xQ6/Ei9SSZcIA4YcC0Ao8u++y2qz3CjwmybB+l1WWeUjtgen20HCLS0tceHrlw4QFCX2Joa61WVO/e29JLOtvIEDSbIQJD06tNM1AnA/uWXP6Fjjz1G5SvE362/vpW+ecs9qq1ugDWfbepvqRX31vat71J40uR83qYp24EDxhTLgTG5jM52o8Js2gIHIQfxsnfo/O7fxxtvMSlgTIAjQHPL+7wKyyqVSaWQ3JiUdJbQW8qlVEcAG8rFBNKck4+nyz53Js2ePTtVloyvvbl0Cd376LNJNQXAv7+BVW7mzKrOflEHSP3GxlU4UfijkVwLwPPK239LVcveKkBN9lWID9GD9zQo/aDTENY+d3axasitTSAddtjhdNSHDqEDRtTT6DGjadTI0bxGocb1ZBJMnDbyMl2oKBa+vpRWrXzPdhIpu1Znn1uXWrE9dyFtW6X1ysb1tjvl1BwLzAEjuRaA4fnYqNBLs3exITkmU+bX7qLjaFhBARZAHkxIvO+sWEfvvLGc7kPjWSIWEyWcQjUBwoQSCJNKIEwcgTB51LJvD6/y6iJdRSHlSB0qcT//AVhBvwzuYb4H2EKgcKux9FuHjWv/1Ky3onTDBlwL8Oz72ysR1tJvZkdMkwNRWtiwl46ixoICrLA4PvnVY56EeAWUHZ1x1QQi0qgnYDdaEQgmARtZipGuHB6hC4IA1v4zJQ+Mn0BdxcicEmmTAdcCPOj+WEhgd1trQrF+B1hpl6gmghWs0+01OWa3SFZyFf8RUiv0298PRmhntLA+BKzc6e8Rk7U9pXZuwLUQT7wXeBSiQvs6RIKFBUF/SrAAoO5QfClojKXWXBIkWxCkW5CAuDrJ858AKxYLYAky/Ov2J0XY36yh/uOAAdcC8B4u3yLbt5F/KOsRi8DRdCEkWAFQO/CErhVG+6DGukqqr0uEWd86rrLHeUttTW9nLfqjam2LO3XZ1BVQ+li5BqN+EAz7AeCh5r7gnVQtJBY+SN5sjlZg7Y8JLL39vlZ2iVMkH3W9XaUUNuBagKcdmzKVas/5HIUfvJe6QuylaCRP3vQjyFol2LN8PnqzJe4jKhNJT9nNWiRQAVBMVB08MkgjhjfR6FFjqJY7/FR2rH1IbQW7yYr7Tq0Ixk3E5FHEXDqhhgtBnbo7uqiC7Ylbd+9Qrg53hH20ivcP28K+VLdv30Erdodow8Z1yUkxHXgzBVyAKkiWt0Ji7U9gBahGYY/M5mjhqQfo7DHhAnPAmGIVgOE+fzXVTJ1OQxY8T82//y1VvLYgDrJjxxagducqsHkirAhAX9zjp390ViWXazrnil8BqMCPAAgTVWOa6pUEeuLB42nq/lPo2PoqmjqG1/OzNGoFSztQRDkAxu5KnrDysOAC6XVKBdSoFwCMPcWWtnbT82vX0hr+vb2tQy1jTVohaH4B9LKt4aIBVt5pAQ7NlVPy/fencn7Xhl7wZVo/pIFCnbpTR+sdmPN8csCAaz65y2WXl8OFXh35ecaexrLHe940sOzl+Qpk6cXnCBvb+Xlju/4k2MHCixbUBde2lScXGzhJsVh9BUP9Iw/+AJ1/0lE0e8p4mr7fRHULAqQCoCJN9uf9Sd0CxALAeltb9+6hpRu20kMLF9FfXnxLWS9AmrVbiSagOrM+RL+vCvEiDZ/SsRZcYmVQjW7bqrba8R9+NDV88mwKHXsCtTUmvNa+v4na23dRhD+ihgrPAQOueeZ5d9hPQ9kzPggveS+Q/dffqPme24l4hZGPwSpa68Y7af4ajIkuEJy9fD86SuktcS4gK9IqVlz98GMfoWOOPQKXlYd/gCjIi9SpMhTBn5KWWTWhg+2t816IL6NldYfuPwE8AD++0xhmi4D4PRfa3EqG/vgwV86eQzWfPp9qjz2OIKN28yKLFt4QU71nfN7Gu0BEIxZ/CUXA81JoggHXPD7lQGUNVQZq+tQgINvIbvngfb/zgT/Svrt+R7R5U7+DrDh7AWBc2VKWVBXgJjBBdM2XzqL//drFRM17qWwTu+4bjARVBo8yXvn3U/SZX/xB2eKK9cERvCXa3f42pU4ptH5VQBUfYt8xs1KCqv5YOjr2UjjcM1GoXzPh/HHAgGv+eEu61GpXDUC2vr6BKnjmvLZ5N+259Wbq+udDakKiPyVZXRcrqoI/bmpXrgQ3Pvw7JakSr5ga7BQ6/Cj6/g23KqfXR0wbTpdSO13QGJ/4K5i0qutTDzqYgh86koZc8Hkq4/3MQFgODEkVJNKqOtH+dvNmkRXlRjWgsaQgQWMtkCc2Q9daVyc7NtlXgs6gOgY6B+87NfSKqynGHWfPfXcrkKUN6/tFkhVrArQaq7r+EIjQt4MV9M9Ym9oBtpw9aZUNdnBl6RV7eI2t3E33TKthUOUtsXnXLSwMyLv9agJQsX250slPm04NF11CtYldefFc4KR7G1tByCgIcU4EtVRXN5ulmcktJxblJd5IrnlhK5GyEKh2ttO0ViudBKoCaF5jG9YokO14fZHSyRZq4gtqAZh/WidnRB+7eez+auIEu6mC1MTVYALahEqgjCeDdv/jr+ojN6qhpiCgqg/7owceQsEp0yhw/ElKn6qYzX8A1dbWtrTSqqTXjy3NW6mMze4MFYYDBlzzwGdIrcFgaqnVrloALAgSrWyTgs6kdLKsLsDElwLZPC1G2Bzqpn3dEaqr8NOYQAWJNy0daLEYooLtVNH567jjBw86lMqHxyfsxNRpQE1qMZiCMJmF9reyU/DQ0jeogy06IjxyyPvCD01KhSqo8uOforo5H6eKw+KThapxiT9dBYAoJzWAnkcPm8ktnRv5DxtwzQOPvUqt1iYIyEIfq2+V0grrgr89SNFXXoyb3+QBZOGmbjsvdBAaEShXuyj0AtoEICCNf8J+yq4y+MEjWIUxjGonT0nOuuN6MZhkpTLBErtXBairVxIxuMJmVH1ALNYbkOqhEoBOGqqTbMgqpeJDVXf87KQuVS9bVwEg3iuo6mUZ6VXnRn7DBlxzzN9MpVa7ZgBkrQCLdDrI4ry8oT5nZlwConBTuL6zm1oT0nQtgwmAdiRLtFAbgCDRAiS6eRVUEowmTOL2sL5y+EgqHzchDrhDeYpdkxDjueP/Ar56nITFvAvnsE1VNrPaUdJZj2JSJfEiUWPxACjEq7Rozx7qAJi27CXfpg3qHnAteR8c1lUkANQOvt8g2wSDMgFX8Crc3EK+CH+8ph1AQTafcpJSVSX8hy12du2Mu13MBlSlvK6udlYt9F7ZJtfMMbccMOCaW36mtRDwWp1IscOamqjOsiwUINs27wmWZF/IuYWBAAtWd25jdQGkWSvQDmEn0ALGArS4P4AtKAlUjew7oL4xCbrq4pAhVF5Tp8BXnSf+agHECRKJU871o6gesNRVp+juXRRuY4tPBk9Q945tDGg8YcggSrxQAACn4vU2VrFnrsRyZP2+W8Jh2h2J2/4GWWoFsHoGVcuwX5lQzT6VAqecntJBeDa6VXWDKf7MwoIUzMnhJQOuOWRmLqVWvVkCsHZSLNIlJ79YT0gr36Wovzwv0iwAFHrZLZ2sB+YwqIkBFjraoX4f1ZeXJ6VaXAMwh/e1IKhIQBcnAF4h5ZJRfC2wYTxV9d11VdL2OnayZy2eUVfEIObr7DGW1+vCdalPr0uANF5AXBKHWqSDh/6iexZQxb2B0loKJNohEqoyqUvop52G/VK/HJv5Y7An8XHIhbQq5crR6F6FE/k9GnDNIX/T2bVmWxVAFp2tvr6eGnjobSWZ/Op441UKv7WEou/Hjfxz6ShGJFWoDSDVAYQg0QJsq1iyg/oAYCugBEnPCmIAXQVSDERCOjBKnNdj0m+uAHWiANQPEnWG1C9DfQHTRPJk+0UFok/oSRrrUXSoYjoV4fX9tayPrjtylu3klDU/zvMprVrr6wq1UairzRptznPIAQOuOWJmoKqOKitcSlxZ1KlLsan2norxooS2F55TE2C+5UvzpjbArQB8ZCIMQNtcFp/sqWTdoh3gIo8d6CIeBPDTCUAMgLQe9TQIC3hKvA6iiIPOVIB0J38cQHr7dOlb8qpEdn/acB8jBV/CwN9qOmWX1S5OtwTIh7RqV2dr606KxeJqD7vrJi47DhhwzY5/KndZmY832WNfrQUkAVk7XWyfZjC4wmaz45knlTSLCZVcrwATiRZAC4lQpFqAWBeDj5AOuIiDlAuCpKuOiQkjdZL4s9Nzog4rATxBAFAQpGqQSNbSjoZYREnYtpYQKofDnwaoin88YYcVU4FDPphWh+pQYq/FAEhTKGBFXWZyC1zIHxlwzQFvq4L1vLywt+u7HBSbtggBWOhiU0mxUhCGnaH//Ctux5kAWlzLpbUByhM1AKQ/mRTS1QcCcgBaO4I06YVEJSF6YClfykA9um4YYK1/DCRdn6OmP8U1xScY9x9xlKfhfp9yExH9Ia1a22Imt6wcyd25AdcsedkfUqu1yQKyrqTYRGZRG8DaIPzGa8p1HS4pANFmz611eT0XoEU+q1QrEqWUaQeqApySRo4CpHKuH/Whvuh+9ck2Rx1qAkwxGZVNaWYAAEAASURBVJZceqrZ8dazrwFicM2W8JGTpasoq5DSqrXtZnLLypHcnRtwzZKXTp6vsizWc3YBWCeLglQFwtqgjVd/7X5pPvnfekOtTILjZVCuwVaXGK0TSlawTdVmHYhlEg3poTe16nOd9Kdioyv3GmPLB7UiixdCyNLTwOHHpDSZStVGu2v5tgSwqzNdnPGalY5DmV034JoZ35K58m0hkKzIRUAAFpJQI9uRWu1iXRShdIChxa9QlA3sw2xcD98GMLKHaREol2CrS7WiQkAdojtF2Il0Y369HKS3BVNtiA+dc3IZsQAp601B8JkgHqdURI7+sBhgL5tX6c8oR0VnXYzxmpU1C20LMOBqyxZ3kYWyEHDXmp5U0oHd6mJ7cjqEeEIsuebeAraQ9tRigRyoEqwg6dAaBZ6wDEgFosgrw/uk3S9PQJWP348q2MtUYPzEvAGptd3FoFu1tsl6bqRXK0eyPzfgmiEPoWsNBof0q74sXdMFZL3oYtOVCX1hYPWKHrDFEtLtW8i3c0dyaSekQlASdHFisT1FVEbEEihI7GJlsQB0pADR5NCeV7QpIOVluJjNh8+D0BQG1UDcH2tGdXvMpOtW+1Ov6qbZRnp1wyVvaQy4euNXMnWxSq3JBiYCArCZ6GKtZTmdY3IsvPo9tfEfHKAkl5wmQNcKgCgHIJiOqlg6HT5qOO3YuoP9CvSAJ/Ip3Wgt7/IwYjSrKjRfBuymr2bc+LwM7dO1V78+EKRVvb0IG5+vVo5kd27ANQP+DQSpVb8tAVhITyNHsiRXIOkNoAu/qNj8j3jNv3KYgoax7hEADFLr/lWo50/AEjGPPfIInXbRRWoYn0zB3rcAoN2jxhXsXpJ1pwkUs241TdOVPrijY49ZWJCOUS6vpxcfXBZUSskqq2qLWh1gfRYyJAXIbt682dbTljVPLs7LGobyvttDyb3L8J5aX375FfrRlT+ieYveomNGLaHb7jifZvKHQafCDfD1Wp3DA1Fa1e8G70nAV0ldEfbZYChrDhjJ1SMLY9Eo1TeM8piruJIDZNGRMrUoyOfd/PT6n9Lj/36cXnjhhT7VzJo1i+Z+bC5d/v3L+1zrz4iBLK3a8c0sLLDjivc4A64eeZatI2yP1eUtuagK8qmL9dL4Bx98UEmqK1fxBFkawi4N//vd/6VLv3FpmpT5vYwJq0y3XMlvy7Ir3UxuZcc/yW3AVTjh4ghpr7o6vqWJi+QDIolIsYXUxeqM+dej/6Kf3/BzW0lVT2cXhiT7ve9+j04/43S7y3mNK8bFALm8YeM1K3tuGnD1wMPBIrVab7k/pFhIqnfe8Xua98zT1uZ4Pp994kn05Yu/RGeffbbnvJlkGOi6VTf3vA9OxWNG9+qGV05pDLg6ccYSPxilVv0WBWBxn4WQYk+afXJOgFXu4ayzzqKHHnpIrTDLlzWErlsFnwY7GdOs7J6wAVeX/Osvz1cum5ezZAKyuVx4II0THSXOK3gvrsM/dBi50bFKfqcjdLCrV69O6j+H8NLfYDCYUzOtUpBWrfw1ulcrR7ydG3B1wa/BYCHg4jaTSQRgcyXF6hKfVDJx4kTauHEjHcYAu4NXd2VDS958g2ayT4B169b1KgaTdQDxTHwsSEE6qCKuFCRWuXccjfSqc8Nb2OcteWmmrqyqL6kbB4DgB5CFXSwAJhOCpAoAxe6lOmCjbAAhJM677rork6KTeX5wxRVJYJV2y7GlpVnVjTYA4L2QtB1lgKRML2UMhrTYXQOLZgx554CRXNPwrNSkVjt2ABgBLm51sTL814HJrlzEAWC//a3L6OZbbnJK4hh/yEEz6M23eZcFBn/UhTbakQC7W0c2g90SwI5HqeK6w53U2dGz0WSqtOZaDwcMuPbwwjaUjYUAdFYNvKW0U6e3rbBIIwWgoM+02xxRmi1AJ+ep7h1lip3toR88lN5c8qZkc3V89J+PKjMsSMGp6pHC5B6Q1m4BBT4KxeLEWtqcqyOcYnd1ddHQIZmZEpr9trw/CQOuKXiGTpipXSuAtbKykmqqM1n8maJR/XhJwMlOAvQCqvotoEzRv06YMEG/lDI8beo0epe3EUe9bW3ehvxyH3i+Io0PdmkV0meMt0UPVNel5KvTRbPflhNnnOONMsWZNxSjyhRXU18CsA42AhjhhyE4dLHQY2arm0R5kDyhHoD+1C395aEHVVJRPbjNh3RyHwBZ3Ad0snvYmYxcU4FB+Bcp67upo9vbrKysJqjIDLnngAFXB16VlweykjrLebuRwUoAJxAmqgBOACkBrEzvGRLoNddeS6fPnZu2iOuvu77XJFbaDA4JpM25aL9DFUUTHQrx7gu8AwNGVJmSv2LwjMIy5YGXfIMXAbxwwSZtR2fmX3kUV8aAM5hJgAn3KGCb6f0iPyRQSMEP//3vhCG/E805+RTluAVgnCvKtv25akc+y4nytuOxWJQFhmDG1UDFBaHDkDsOGHC14RM2HcxU8S/FlbF9ZSlQroAJ5UAKxuqqq66+ypF1Z5zxcXUtlXWAY+YSvlBXm9C1lvF+5xrV1NQSfm4pGjNeSt3yyoCrhVOw6Sv3x7cpsVxyfYp12dFYjKoqM5cSXFc2iBIKUK9ds9bxrp6d/6y6JmkdE5oLfTiAdzvU1Za0Oaax43omAzkMkJXJvj6ZExFGenXiTN948xmy8CTKeimnjqt/4VPNUPt8ZRQNd5Gfl2Aa8s6Bxa8tdsy0+r3V6hqeRapn4FhACV/w8x5j4XCIOrs6qGbqdOq861aqfuBe6mgcQjUfOpJazvsi+SfsF+cQ7yDhRL5ynqzlcgyl5oCRXC38KfP5eI36ToLpSjMDLb7u+AmwSodW54lrKEL/4pdX+Fm/lTud6/nnn99rIgL2oDffdItq+TNPPU23/+539Of7/qyOejsst1b0p8JjAVC7BuPeYV1Qi/2zDHnigM8fV1WVl5fRqDcWU8Ovb6Do++9TZOUK6rjnDqq46CzqvvFqimxYn3zn7d6nSHe7p3pLNbGRXG2ePBT/WJHi52HUgv/7LX30tTepozm+DNLXspc6eGEAKDZyFHUddjRVffIcqt+7N7lKCFJrLunww46gJYvfoBNPPkkVu2DBK2x/G1ddtLa10wknnkjTpk1TRvjzn3k2mS6XbShEWQBMAGe6xQQLFy4smHvBQtx3wepILGOFamDd2tVUyepX/9ixyep9rM6q/P2t5Pvb/dTxyXOp7TtXkr+xUYGtjObg59UOcJOFmECSA0ZyTbKibwAge/hb71DoiccosngB+ZYvJd+mDeqI87J/PERVV36HfF86Rw1RYVwPwtCrrMx+KWbfWlLHrFy5kvafPJleWrBAJZQXe/uOnbYZq2qqbeMHQiQms95+6+20TX1r6VKVRniRNoNJoDjgK+PtdBPkmzFTbX1Oia3KER3FpFdCLaBAlt/rGhYaoCrAPEJHx16ls5UyzDE1Bwy4puBPmE2DAq8tIh9/3f0jRqqXDy8gfjhHvI+lV3rxOYr99kZq46+8cjLMZcoQLEXxni6NGN6kVAOQ2o4++pheeZ995hn65z/+Sc+w1HrUUUf1ujbQTt5+Oz24rnj3XXVbIk0NtHvsr/ZGIz2LAMIUomjTcPJ19h3iC8hGX3mROi4+h0Kr3qEy6lJCQ3+1fSDWa8A1xVOrXrokxdXEpXI/VQSryL9qhfrKB1jfqigxBEtfgLsUAFSoBiC1zTx0Zq9MUAucdsZp1OpxGWivQorkZM1aZ0sBaaLoZEVHK/HmmJoDYQ1cldQ/YjR1t/cFVykFwgP0sbGF881228IUD0cDrimY5V+2LMXVnkudrLuihB6W2FIApA/BVESGfx3tHTT9wOkKUEU1gKImT5rUa5ILUtyHjz6a3nvvvQxrKo5sK1a8k7YhZlIrLYtcJVhy5hlp02GEFnnyybTpTIK+HDDg2pcnyZi2BS8nw44B1llVMZ62zz1TqQVkJlUfgjnmdXFh/TqeuU0QVAOQUkEwCt+5o/dSxqnTp9Ori15NpB5Yh/r6euWEBRNabgi62Xxt5+Km/oGYBl6xdJo4+QCl3tL1rvp1Cddu20y+xISuxJljeg4YawEHHpWz7q+mwgV7WC2wa/9pFJ0+hcrWrSIsMwRhCMbWgFnTx8+Mr0hCQZd85SvJ8iQeVgJC48ePo/MvOF9OB9QRbgznzZunnKi4aTh0s/2x66ubthVrGri/7OjYkxziw+ywbb9JVJOwHU7V7vIlb1DouONTJTHXLBwwkquFIXJa8c5bEkx7rDriSMKLGurcl3xx02YyCfpwYMXyFX3inCKWL08/8eWU18T3cMAHwGQBIR1FFy9Kl8Rct3DAgKuFIXLaucj9y9TN+zcZyp4D761Z47qQpQmrAjOp5ZplauUhViDqFJ56gH7qGPavWc2LssyqLEcG2Vww4GrHlK1bqL6r0+ZK36g93WEKT5rc54JVv9UngYcI2LriZyXM+G7cuMkardKKazkcJb9dGX0y92PEho09+uV0zdi8abNacIANCA1lzoEoq2NaR45JW0AVT5hW2byDaTOWcAIDrjYPvzxhR2lzqU9U8NAP9onL5YZuAETYsYKwzFVAE+eweb3nnnsQVIRrSANa8U7cFvTF+S/RpvUbVFyx/7W27HPdROwYu3nzlqx2dnVd2SBKWF7R92NUcfhhru7Qi6rMVYGDPJEBV5sH7EW/5Bs6xKYEUntn2V7IIHL0qDFqeSssBQCWQrB5hfmVSK+4Jkthjz32WElG4/aboPLrk1/Ji0UQwNAevly37tjmqTW7d/W2lvCU2SROciA8bXoynCrQ/uKLqS6baxYOGHC1MAR6pZr16Q3ZJVuEDbGtlMqzljWtm/MtWzeroT0k2I8c92GVRZZ+wvzq+fnzVRyuPfjgX2xVCG7q6a808CmAhQHpfApY26ebqVmvmXN7Dtgty44OdbdpYSMvBy9f614vbt+C0ok14Gp51oHd3qShqIdN9SxVZXS6cX1cxyrLYGF+Jaua4OD70q9/VakRRD2ASmR57Msvu7DbzahV2WWCveqa1d47rZcJsOxaOLhzQ++61+WKQt+GgaFiKoYnZsDV8hTKN220xDifdvKEkt1klp1ey7mU9FdELQA7V/gPAC1csIggucGnAEhUAwBYpKvlRQYSB1UB7GJ1VYHKVER/bnwKWJu7NOHAxRpvzp054OTzourAg5wzaVe8qMy0bCUZNOBqeez+te6Xj4bHjLfkzu8pwHLEiOFJl28ATPwuuugipRoQVQFa0cpejGpqB46zbpG+vXBw5ap31Q60xhzLC9fs05ZNnGh/wRILkyxD7jjgYgmSu4IGSyoo7d1uwRaYNoU68nzjwWA1QecqEuo5556j/AeceOIJyZqhGgDBrwAM8WvZ7SCkVUixTSOa1JJYMdCXlV3JzEUScONTwNpUbIm9hjv7B6YfaHYlsDLH6dxh+B8eO8HVikKYZEVY72o3YnOqslTjDbhqT97H9q11rLR3S5FJ+9smtZs0sE3oIhLAqS97RRa7WX9Z9mq9BlVAMasDxKfAinfcr87S2QZPYTPNIg6dJRmFo+PHE9RcAM90VMHe4gy4puMSO29Kn6R0UgTefMPTzYbHFVYt4KlxAyQxfAq88cbrBLvVTOhNF861Myl3sOZx8taGSS23aq7Q2+68xQ1WHrq9LwOuGqfCiSWVWpRjECuzoqP6mmE5ZjAXHDkgKgvHBCkuLF9mfAykYE+fS7FQd584iYCayw2Ft291k6zk0xhw1V4BL8r6inETtJwmmA0HsjGpWssuCve1tiY3kMymHaWQN5Zi2G9ns23HE9i7GheEdpzpHWfANcEPGEe70TcJ+9x+5SW9OTpzIBvpc+WqlWpSy+wG68xf/Yq+G4Eej7AXm20fTyYaSs0BA64J/pTzdhZeyO1X3kuZpZZWlr1C+syG4EfBOM7OhoPxvG5XaiF1xXt9HQll34LBVYIB18Tz7F78mqcn6+Ur76ngEkoMafOdFcsJ0mc2JLvBZlOGycuSK09qtVRWuWJF56vuXXK6KnAQJjLgyg8V+iNsZeGWYLLSOTZuW+o2j0nXlwOQNmFKlS29ucTFRpLZVlIi+QNTprq60/qWZqN3TcMpA67MIK/6o9CQoVTOwGAoew6scrHFSLpaVq5arbxqmZVa6TiV/rpv1Kj0iRIpvPYb1wUPkoQGXPlBetUfBcYbS4Fcvf8rPPjOdaoTagV41TKTWk4c6olP58Q94mFE5rXf9LSiNEIGXPk5ezWK9vJ1L43XyPtdipQJUMwFvbX0LTOp5ZKRqZy5R4c1uSyFqHt1bp6d6woHWMKSB1f4by3f7M2sxMvXfYC9DwVrLrZnwTbaXn24OjVw7Rr3PnidyiiF+IqK1OosLxYDXuzCS4G31nsseXDFvkBe7FvBQC9fdyvDzXmcA3W1tfR2DpeuLn5tsWFtDjjgxWIA/cY4z3ZmesmDq1e9kRtLgVgs4sxxcyXJgUx8uCYzWwJQC2CrGFE3WC6b0wQHqtnLWjrye1jW7dU+PF3dg+l6yYOrV32rsRTI3eu/fHnu/AKYSa3cPZeKCe4dEsWyXACSu1YXX0klDa6Z6FuNpUDuXuKVK3M7IYKtYsxKreyfT6y+wXUhodWrXKcttYQlDa5V72/yrG91YykQ7nb2PFRqL5jd/YoP1zVrvO+bZVeexOVSzSBlluLRy5xCfVenWUzg8JKUNLhmstmasRRweJM8RMOH64oVKzL24epUVS7VDE51lEK8F3AFP8xiAvu3oqTBtYzXtXslNy+ez1+e3OfKa/mlkv6N117P+a0uZX+8ZlIre7Z6McdCbV4nhbNv4cAooaTBtWOJt3XtbiwF5LG3d7RL0BxtOJCND1eb4lQUbGY3b95sVmo5MYjj/Sn8uUo2L1ttI49ZTCCc630sWXCFs5YhFd62EHNrKRBjZ8Ld3aHenDZnvTiQr22xYTtrJrV6sbrXib5DcK8LlpPyEe59DJhJLQvzEqelC667d9lzJEWsF0uBysrKFCWV7iVMZmHngI0bN+SFCWZSKzVb3Y6oypuGpS5IuwohBZt7GurNgdIF1107e3PCxZlv6BAXqUySVBzAZBYM/rP14epUh1mp5cQZb/Fe3/XyTd6WkHtrzcBMXbLg6mczLK9kdh/wyjH79PmSWlHb3j3N9pWaWMUBqKugtkpHXmxdUZYvA2ElXRsG+vWSBVevK7PwoL3sPlDuL1nWpuwTG3nvpZNPPoWuv+76lOkyuTjz0Jl09z130e7dezLJXhJ53Kqr3FjF6AwzK7V0bsTDJYsAXj1hgV1eTFTKeLcCQ84cuPz7l9M9f7jLOYHHK+PHj6cXXniRcGxhL/mGsuOAV3DtXL4suwoHYe6SBFevO73iue/pDqs9hty+A2XsUs+QPQcAfpBgL/zC5+nRfz5qn8hj7PPPP0/wtAU3hm7MjTwWX3LJvQgSYI7ZbrvvK1KS4JqJfqhinLfdB6KxWF9umxjFAQE/AOzpZ5xOL730clacefrpp2nixIkGWF1w0a26KhQMEuy6vZBZqdWbWyUJrv617/XmgoszL6YpLoozSZgDsLmEpHnsscfQsgyHlVAtzJ492wCryzfKrboKe8SFqmtclhpPlonQ4qmCAZa4JMG1e4N3sxFfVdDbo3UxI+utwMGXGhIsfgDYAz9wIEECHd403PWN/uCKK5RqARKwIXcciHlYOONrHOqu0EQq//YtntIP9sQlCa4ZbU/R6N4N22B/aXJ9fwKwkECxYeFRRx6VtorPXnA+XXPttcoyABKwqBrSZiz1BB4++p5Ha+2dpc7dXvdfcuCayWQWOBbx+BWPRozbwV5vWpoTAdihvFBjwcIFNPvEkxxzzJo1i+79033UzEuYMTlmgNWRVX0ueHkvvS4kiHZ29KmvlCNKDlwz1Qt5NU0p5Zcq03sXgIVnq6fnPUVnnXVWn6KmTZ1GsAxAmj179hhg7cOh1BFetiDyupAglKclzanvqHivlhy4ZrIySz2+mvR7DxXvYx44LQPAwrMVwPOhhx6iL3/54mTjoY99ZcECdY40RmJNssZVAH4dvDhyj1Z5e+cDe3YTdvcwFOeAN7dQg4Br0a1bPd+FuBr0wqzuUCebB42kLn7ZukPd1NbW6rneUs0gADtkyBC6447bac17a2jeM0/TU/P+Q1AbYALMAGvqtwMbNdbW1vTyEPbyy69QY2PqrbX1Ur2O1rAbbISXlYcnTdaLKdmwF7wYFEyCe7Qqj3cCkxSYpnil/zz5Hxq/3zhqqG+kMWPGqBcdEllra5sB2zTMBHhi2A/6/R/upPfee49mHnKoAVYHvkEqDbJtKtwt4h2DZL9x03rauWMXrVi+guA/d/myt+kT/3UaHXfchx1KsURnMFpTajcDroqRJQWu8OFax3v+eKXAlKnU5SFTc3MLffVr36KqQBVLD3XUOKSBJozfj/afPJmmHzidpk2bRiNHjkxKFXDBtzcBJB6qGfRJBWAhwYot66C/aRc3aJVK8f7s2rmTFi9erIB0y9bN9OaSJdS8bx+FukLU0RZ33N4wtJEe+ftj1MLv5xkf/5iLmrwnyXROw3tNxZ+jtMA1Ax+ueIReZk0BrFf+8DpqGhq31wx1d9GmjZto1YqV9FioiwAU48aPS4LtfhP3U9LtxP0mEdzxgSB5dHR08Ex4izov5T8ALPiAXymqAgCkFbyUGkt7heCY5h3eomjj+k0E/7Vr1q6lLTwc37Fzl5L2qwKVFGSpM1AZUB93fOCFwpEoPfXUfFfgGmVJ2CuVbd3mNcugTV9a4LphQ0YP0ourwSVL3upVRzUvPghUVKqXHEsP8XIL2M7jlGUVPgXEk/efTJMnTaLRLNGO228C7b///jSsqalXp4qbHhnA7cXgQXRilUhFhbRmzWpa8c67tHbNWgWk0EHjow2pFKqTYE0wOUoSIJV3DeyRsBw/8tGj3XEt6G1CC4V279zhruwSSFVS4OrfuzujR+pFsY8hl5C8zDjXw0pVwFIqgBaEjrLo1YU0/7nnuJNUEoZvDXV1VMmSw/QDDqCp+09RgDt6zGgaO2ZsUsJFXgwJzYQZODEwCAAKsk424cMJoMSuuPB3u3P7TqUn3blzG+tPt7Fz8XepsyOu0qoKVtHQYUNp1PCR1Ki9R/KOyRH16GF53+acciIuuSJM5mKiyi1FzI4ESVaVFLhmYimgOOVBsY8JLCG8zPJy62GJk3Qi3ZK22nDD+o20ZdtWen7+8yoZ1AnTpk6h0WPH0YjhTTR61BgSlQImzHBd1ApSLo6iYohwW4zFgs6Z/IRlGF/JE0vWvbzkWVhBFDrS7Tt28mqzXbR9+3Zq2ddCse74h1dGNmNGj1G6U5wLyTuFc/2dkngc9TDS7D9lIr8n9VJEzo+Bdp6sZbVWJhPAOW9MPxdYUuAKI2evlgJezbBGjx6VfKT6C6+HrS+83Tk60ZhxY1RZ6Gg4xwTFRpZwrR0PE2ZDhw5Lgm4tfwyq+FfDVg5Dhw1jS4XRVF/f0GsSDQWjs4upGM4N+IILziRSJ3SgVvCUITxWjDW37FWz9B3tHdTGYAMpFJQORDEBCj2p6OuRB+8NCPGdbN6nU2vrPiW56u+WhPFOgeQcYcR9eNYxCLoi7ALbWV5BVR6WzBpzrB7Wlgy4wri5ho2ceVak5+5dhNzu+CpFjRzR43hEB009bH3hkVc6QwU71tjbvEsBqEgpOKLDIR/0tzrJhNnq91b3Al1JU19Xr1QMkHhreUg6gttXxxMcTSOaqIl1uk3DhylTMUwWNbL0awUNlCMgHOUhIiRg0GABYgCmPwFgMGUC6RIn7h2EjxAsOuDHQMBz586dCjj3McgB6ET6bG3Zx8+wOQmG8jFEOXiWdiCKa/p7IWF5bzC6gY5VB1iEw5G6JABLHr0syS/vl/7xR7p05GP1FJsXpEvW67oxx4qzo2TANcBDLi+6I3lbsOOrFzMs5AtWBaijM94p9ZdbXnA9TjoEjiDkQ6cRYEXHxMyvXmbvPJUKcBv9PTpcVVDiD+CLWeSNm99Pgi8uSSeH/hdlD2Hj/KamkVRdHTcfAwBDAh42fDgFq4NsQ1mtTMqq+QggFrtKqUsHJImTowAUzgFSAGkrCWhb4/VzAUE9zsdtwQdBJ6e2WNshumoBzLbWDrbSaCdInLt27KBWNmES4GxnpyTQf+7hmXo8I4ApnpMTcIKvtdQzSy/tk2eHcwnLUX8vrGE8IzvpFc83WFXHIBtKfqClPL0Oqb+qsvfHWeKdjr4gux30CK4srjsVV1LxJQOuPgaYTMiLGZaUP5QlwPe3xE1S7F50PU4HXHSg9s59faRWdNRu3gkBZJdXj9PDSC/63FTgC6AA+BK93QcsUAakX0jMaB8m2ap5QqWKOx0kYYAxCG0UQMa5qCUAzCCAM6imNn6OMHTFIGz3DNBOR3o6hLHZHgigCAIwqmNiOI5wJ3d0gCRIB0qct/KqOeg5u9jsDfzFsxDQxHUBTvnQIU6kTit46nzXw8gj53LU4xC2Aqmk0+PRPjxL6GN1wjniJU+q8vR8bsPKM9a2zW6Tq3SZThx7qmQAJC4dcM1wd0qvzivwzGvr+WufcG2pdxCEQXqcdAocIRGhs1g7s6RxyquXp4fT5UN5AE10ThleShtxTSdISOrHHyl9aCoAJGn1tiNOwAhhUWmgXSCoQIQA2ukIIKiTfHDQZrQNZB06Iy5VG9E+EKRCkBU0VST/CS/laI3X+a6H9fR6vB7W0ziFkR4fN3zomnfv7fWOtLM3KjxDIacywCOvk1me/RijEXu9qRGk3YPt2PN2D7Y7s9xPpl9TL2ZYUmWtZvBt96Lrceg0IAANpFadAAqBuoC6hmEfyC6vHqeHnTqwl3gpT4ARR10Klut6u+3CAs64xq4W4sTzMwBDAFvIxchCAFDyJEpJHtA2/OyG48lEHNDb7BSW9Pp1xDnxTk+nh92kRxqQns8unJReK3qkV7wj4IcOrnqdehjmfZ4pMTLxks/Yusa5VTLgmqkZVibgqr+I+sstnUiPQycCidSq54UUCLAQCU2/Jp1PjrhmF3aq0008yrS2Fed6nB6W+uWI/EK4D5D1GuIRJ0eUZ01nzROXtOPpVGKbcq3xUob1qLdfD0s6Pc7aLv2aU1jKQd50aZyuI17yi/Qq6gG8IxhJtHcGEiOQnrRSt+RXhXj8y2TkZmxd40yO92yPDB+IycMuJCPrfcEMy+sumHoZeLlB0mkQtsbJiw/JTh++IowhIDqTpJHOImXqR/2aNSz1SjnW9ujxklY/SnpJZy1f4q1HpNPLseaTa3o+ySNxdnnkmuTHEXGSVz9KWrmun0t+idPrkvTWsvV4Pb1T2E16PY1TWO5JpFe0SydIr0KSVi9L4iSN26NXt4Mot579d8S+eSn5r72agn+8mwLznyP49Sg1Kh1w3b7V87OFNyzY+mVKeLlBesfTX3gJQyWAzqHrK+2kVkkvZepH/Zo1jHR6nFN7pANKWhylDjdhSStHyaMf9TqQDtckTm+XxOnX9bDTdb1MqdcurV2ctXw9v11YT+8URj2S100aPb0elrw44n3Bh1f/GEN61dPYPYMJ2gIXXM8nYavtWp4IC7y2iIIPP0gVV3xXAS12AikVKglwxVezKiyKPveP1j9qtPvEWsqJk/ZLnukdBGGQdAJJJOZXco4jJlpEapV8ellSBo4g/Zo1bL0ueVPF62m8hKU9eh679tvFSV5r++3i7eLsynQqyym/xOMo5TmFncrW4/W8erwe1tM4hfX0kF6hRtE/xgBaWDrok4QoS54xjl4WEKiM/JfpXIXklyPMIAG0NTffQFVPPi7Rg/pYEuDKhosZ2bhWeNiJVH9LPnzMEclTp84iL76SWi0qAWTWza8krV6W3tnchJ3yOsW7KTNVGtyDtd1yruez1i/5kCZV2Ol6qjxe6tLb6BTWy7O7N72NqdrlVL4eb60LH16xdEDZonvFh1rqRbyUgfSHzpyBKE/U+eoiT+ndJK587FEK/vV+N0kHdJqSAFefxYTH7RNrW/AyBR/5m2d9EdZVn3zycclqrB1DXn4cIYWkM7/S00sndirTKV46GRqlp3GK19NkE5a2O5VhrR/t0+OcwqnKs96jXVrEpaor3XW7+3Jqq6R1um7XPus9WPPivcEHWCdIr9Dd20mv3/7uN/SkrsJY1VjvdQGBq5LZ9O2F56mc3SUOZioNcM3QxnUI67YCvFFe3ZWXU+Xtv6XAYvdf8Y+dOlsN6+XlsXYgxKMTwEbRStZOI3n1Do88Ep8ubL2ud1S9DD0+V2G9fGvYrl3WOGsetAvk1D6n9F7jpR7kS1Wf3o5UdaAMp+t6GU5ha15pE45CkF7xobZKr1/40vmkL8uW9OmOdY88nC5JVtf9Lz2fVf5iz1wS4JqL5XhVy96i4L13U9l3eYcB1hn50rhWg/R67bU/dARYdCKRWvWXBEM9awfDdWvnQhq7eMTZ5dfj9LKc4vU02YT18q1ha1tT1WOX1hqH8kGpytHT2OVHXilDrsu5ntcujDjJbw1LWXbX7eLs8iOdXi8+zpjY0skqvZ71qTMyUgdg4gnSZT4pwu4yc0GQsLdt38HuGleqHxzWFwOVLVu2OFYMDclnGzC0hwSaa+o8aAZFTjk15YZseNDXXXOjkib0+qEDg5cr62obdBbdjlM6mRxRhtew1Cv55JgqXk+TTTiT9trV5zYun/WlKtvKy1Rpc3UvqAOAu3N3XwfVcPQDYHW9X5bcQOIY/eqXCSO3fFILe2qLXfNTV1UAQDe+v4Wd5rRQ817emYL71bu8H97uvXtp3Xvr+5RR31BH55796Yzvv0+BGUSUBriy8jyfX+GOs86m0HHHO7IfL8Yvbry1l78BJN66Y1ufPHCADBIpRaQaSWjXMXEtXbx+XU/vFK+nySasl59NGG0A6WVYz/Vr/RHOps5M7gV5nD7Sl1z8hYyBpfwXP6ea9WtRfF6pxldGm2/5bbIOCCLYwgYAii1stvKuBmvXraPdO3czmPZevZjMlCYAkP3KJV/MSHpPU3TayyUBrtCXYlifT2r+1W1pi//jPf9Hr722VAEEdK2yygYZMZyTHQigMxOSDitHxOcqXKg69PZm0369nP4Kp2p/ptdycS+69Hru2Z9ytUeWPH/9iFn8fAoiUlegrIwqyoh+MOVQep9t0O2kT0mbi2M2H5tM6y8JnWuudDtOTA7NPtnpUq/4Cy86L2lFoK+oQSJMRkAdAD2skN7pRJLFNWsYcXpat2FrPpGS3eZ3kx516O3Npmy9nEKErfxB2633o7cj1b2lyqeX4TUsbYSuHh/o733vfzIGVkzYFgJYFRP5r6EsQh2Ll9DCVX2H9ZIm1dGX0FrIMVXa2++4i+bPfylVkpxfKwlwjXV69cjqns9dp51BHZ/4pOsM2NL4G9+8hEaNjw//JSN0rZigQOcCWTsq4pw6njWtUxl28XqZOnjYtcEuv9e69fq8lpeKB9Zy9XvJNJztvWVar9t7EX7g+F//dTr97s5fZjz8xQQWJmwLRaFYfKpnSpWzXldA03pEGxEXTcghckzXdgDs2rWZAXm6su2ulwS4Rjva7O49q7jWkWOo7Vvfpc45cz2XM4lXcF131Y9Y4f6pZF6suNGlVi/A4yWtFTDQAOnMejl6fC7DqerPZT1yT17KRFq9fTo/3IS91JUL4EUZ0LniY42Ptld3gmivUMXSJTTGH/+wSxyG7oiTn8QX6iigaT2ifonT2wLpHT8IKhLWryP8sxtutkbl7dz5s5G3Kvuh4K7cSa6wEIgddjhFDj8y6xtBhzh4xoH08N8foc0btvaRWvWOni6c7joaWwxpBPRwLLawHX/s4oqBl2gXNhu89OsXe34PMXG0ZctW2rZth5p1x8RR8/ML6A9DqBfANsf8tLgjQrexx60TyjrojIYgtUVza1w0vgsTVe5lPIAmSNxPqrDmcU1d5D9xwQg/xVhYIfMbmBjD/WfzIZI60h1LAlyjPFufK0pneuW1Hkix3/n2fyt90MMPPaqyi5TkBnykPslTrGCAdkrb3NxXIdLobULYjoeFaIcXvqCdkFY//8ULaPr0aTjtQ7BO2cUOq7EljQBoKrMlFLCNhdZj9lbRgTxcx1B9dWd8zP16d4zebonS8qZqOoNiBGlWhvR9Kk4RIRNYSAJdq9BYC64KeOK6AChGdULglR3hOcnz068jfbmfd8/g+QzZ1wwfFgOuOpeyCMcArjmy2Yv93595ivPKLFpjnxX2iIceOoOe/M8z9CJLESDpdKnCeud3k96k6a3TtuOfXVyqZ1AInkr9n/iv05ImVjCcB1C4sftE/lQ0kjFrfWcnKY2kNtJD/PDabgZde1BDmQBOEGb/QTp44hwSMGM07eLJ2t0Mgiu64uC6sbKOVkf8NLUh7uQcaUHgp5UEOOVove50LulRZiN7uIPf207t/pzy5SK+JCTXINvT5YrgRq2Nlf/hSZNzVWSyHHxNP/PpM1XneeLxp5TZllzUO7we1ju2/iKZsLuPUzr+9Tcf5fkf/eEjk6B651330jNPPNvLK5aky/SICaKRPYYqtsUo0LR0JQAnCOAJlQF8IK+yAmhCCt7c2ERhH3/cKtjGOxYf3o+q66TqBJgKr+Vo24gMI6VMSLD4GBWCSsPO9dKLM/KK5fQAMJkVyYP0aq0PuqHn2XzkqafmJy/pYCCREidHazzO9Wsm3Ft61fljxxu7OD1PvsIo97DDDqEz2RIA0tYvf3NbVvag+gw7ygbZxcWv9PxDZfAx3jX2Jt5PchXbYEPyhNQJEvUBwpsbG3sNzQVAcW1UGe/pUyQEtcrPbrgq760x4Johi/dd/dOsHGl7qdYKstLZ5YiyTNgZMN3wR+efNb31XE+bjzDqO+CAyTT3tDkEnTye/1e+/M20kqoOlHoY5XkhJ72nfq8CnAKaOJewl7r6Ky2c2WTigtFLew24euGWlhYLB7zYt2pZMw5aQRYF6S+8CWcGsPJAhH9yLDR/UZ8OqjjPBFiRLx0JgMqkEdLLxBHu30oyrLbGD9Rz8DkTSwsv92vA1Qu3tLQtlbwipoA2c1rVhNngfz8xL6ku6C8wGIj1go927dbjnNLkKx7ljh09kuacdlIfaeqKH12VkSpAwBNlC4AKeCIO92tHgw1E7e4RcYVQDZTEhJYTg7OJxyZs+9jtYDTDrWCyqRvuDGEjix+W9C14aVHSKQw6hwCFCcddAOp8EN6A/3rYTRo9fa7CkKBmn3S8rVkVVhO5WXMPILUCKNpnR7hPkBzt0pRCHDzS5ZtKAlw7eBazKj6pmVN+Bt58gzr7AVz1m4AJF37oiK8ufoNeW/R6L/eGOmiUYhi80oHQiQfWNNZ8+vVswigXy5xnHjqdTp17ckon1lhcko7ERaWeDveInyFnDkCKh8oln/auJQGuZSzpEe9GmSlhVRbx8kBssqZTGNtUZLD8VS8jV2FMfOAHUy44DV64YHHSlMsJUEoh3g4IrfeNZ6DHSR49DmGQXMskjJn/mR+c0Wforwq2+Xv9tTdtYnuidPeUPbEm5JYDcG9owNUttxzS+QCuPIzPlMomTqTQJ/6L6Oof9wLY7g3ryWL2l2kVOc2HlTv4wYRnyf9v71qAo7rO848wQqvH6oHwgmoJ45hHMNixARmTFNzQ1E0NDlNDcNLEDk4NDtSeAE6MsXBtHvaQQuo6M7aBltq0tc2AJx0ntE0zzgzt2HFKmBpkUzBtCIIIhISeK60Qluj5jvhXd6/urvZx7927q//MSPd17n/O+e7ut+f+5398WEsf1X5MJ0/+JtyGmTSYMLLhPAbJ48F+LFLkethyXeM5vhfXjHX4mK/zPebzOMYs9Q++eBfNU28XiXyR4SAQqwixxkInvmuIG+tkGRYz15ySMuXfV580jlff+WfqUzPUK8//FeX8+79Q5y9+oaO053/hCzQ4A1bSzdh+I77M0dQGZmIwEgQ6wse85c7xMW/5PLaQyefTtc/toz+8z1vjOewzBry1OsfXeGuWEU02dKlIZZ2suU9XZxeasixQBaAY+2RZUU7GRMBpZ4JhQa4j8gZ8k2OiHeUi1AG917yyQku/Rn1fuZ86VEbZPuVOlynFrDY4Vns8Qj/LX9Rkt0wyuN/NfeDP7WHf2D6OUXhMxnr9V1L7b5aHJIDwpIIbcyKzVKtelJWpKCoWBYtX8DLiMVlUkVNxIoBUMU6WYUGuIwsLU8Ywp66O6JrLK1br+6BqyNDCagPoZz88WktH/7s2rJ9NdkhGUnNz30hwvM/EY+wHX0t2fMb7jPJh0jOz+g6aPet2rfM21ktlPxo5s1VAKrLl3n4EQg7HGBgW5JqjfunjLUialtvSHKFbxb0jW5vjFZFR9fDair9ffnA4bESezACYvHhrJDY799E3bgP7THTGc7zPW65nPMa5ZAtsUqdNn6rDReKNwKmC/E/m3FFGW1Wn2gVOiCAVUqqJsYHIoO5OtZkOuY0NFx1t1toYztEm3Rfee8stgxqFBQBiBJhLbmUV9T6x3nyaqMe+mLCDhaf3DJwSUi1MckykkOfEvpEgsY9iPmfVF2MdfVOS/57euI6e3LBG2xg7SazoXlm5WiswFKgE7BqHQWzELuSfrz9Pc+d+nlasXElnz9bpNiMqZclBsN3+IPpGaIYFufaowNZmIr3ywJ/RqFkzjVjo/R71YULEq84Vq3WEH67QO/EzvCtbCwTwpcQfip2kCnlGQmHiNJ+zajtaHchMtuSpACZulTIVCMVYunu6wzN143k795E4s1tNJGo21tDqx1bTjFtn6AysjK+dbaVbVnNLi6NdGBbkCgQRxSr04HJCGmwOutJz2+2Dwb2mh/l0+nRtHaBjCCB1tg2ZBwY3lj1njPm/MCq7CNZIkPwFtzpnbs/cB+M9qaDuVixQ9HHKzZNS6WrC9wKj36pU1o8/9jjxgtquXbupUr3NIcU145+wYI/eAC8tO97aog1vWOhcefBmgoTras/vz4vIeJk3/daweRWsAdwOzsJ9zaTtl740X78mw0usru4cwUbz9KnTYZdcjIVnnLzPZMekiC3X4WtcF1vzOT4238/necsyuR5mZm7oLdHnVItfmdJZFR6b1bVkz0EmCLS6ulrPWFkOSPbvX9tDS5cs1eqC8RXjw8+J62TqFp+DzlA3FTu0OD2syNXqQ6BNq5SnBjywPq2opKuL/9SqmpyLgQCvurK5l7EqR8s/e+YcoR4WEeqwr+KCcmECNB8bSYTr8Dk+xj1W+ziHhadxFQE9C6uccAONHz9OR+7f87cqm0QGF+N47RgGMMUCFsr27dsHiaysrKQ9imC/tvSBrCNYJ720hj254pN0eeUqylEfrkyyWx30DfDoCdh+4s9sTA+/bnywLyvC5TxPGAITtd6PYUjvK8jXI/Zd04Filldcov78fk2m0UyZkFcqU0ogMDaiq8ZIVxEXUjwAWbco/eOmzZvoRuWNaFWmfXYa7X1jL6185NGsIlgnvbSEXK99koRYrb5Szp0D+TEBRku050TrbupMU+1/qcmRAAtahdSfASBV2Xw/qwPuvXchLVu2jE9bbm+79XP01r636IFlD9CFxgaCC67ds2jLhh086aSX1rBZ0HLw+YhoQcARBKJZJoAQ7SpQB5SWltJfPvtMXCIxs925+1VlAxtSyf5CGb/I5aSXln1PKa5HI5UEAUEgXgR4Zh9v/UTrgaTrz9fT4sWL1VtE/K7cmMHCogCWBSDYTC5GNZTd4xBytRtRkScI2IgAvLSMpeeKPc4sIFa82k+eNIXWrltrbCKufdjArvrOKk2wcd3ggUoYc1NzIwWDHeEZt5NeWkKuHnjo0gVBIBoCZi+taPUSPY8ZZ/OlZr2IlZukKdL6p9bTkvuX0ienTurm7VRXJDqeWPXRL/woHT/xP/TFuxdo7zO2jnDSS0vINdZTkWuCQJoRmBhl9T7VbjVcaNAzz7lz70pJ1A//egc9+M1vajdZLy5u8Qy9rblVjxf9/cxNN2nrCAzcSS8tsRZI6aMlNwsCziIwrjzSHKvnco8OOZhsqyAbOAvceedswszTjrJl61YtZv/+A9qbyw6ZdsjgsWLBbuv2rbRgwQIttkOpBbjA3tqpdC9CroyybAUBDyIQzUsrma6CbPA6nJc7mrY+/0IyIqLeA4Lt6uqmgwd/Sphte2EWix+RyZNuppdffVWRfmW470WFkXpsmOfFv5wXFjPkjqgFhoRIKggC6UMAjhF2FRAerAPWrl0TQTZ2yX9u83MUGBfwRBwC6IFhu/uTgwcHjbX8+vKIIcfK+hBRMcEDIdcEAZPqgoCbCFjZuiYzK8SstbGhge6eP48eeni5I0MoUkHp9+7dS74Cn/biQptuFrSHhSsQKxbaoF+1KgX5BXr2ztec8tJyd/Q8GtkKAoJAXAhYeWnFdaOpEqwDEEpw/YYNpiv2HsLJ4PXXX9NCERfWLYJFO2iPF+qiESs65sv30YhRA9TnlJfWQAsaDvknCAgCXkJgTIm1NjAR0kJdkM7SpUsIMQKcLnAyQByC4rIS12aw0K9WTaikl195eciFuvKxY9TMNU/PcoGFU15aQq5Of9JEviCQAgLI15aKIwHP6LDIxKv6KXQn7ls1wSoVAWaIcFZI5Mcg7kauVUS2hPl3301v//jHYYuAWDKK/SVkzEWGAEJOFCFXJ1AVmYKAjQik4kjA6oBt27fZ2KP4RLGK4OqVPm2lYCfBQhbrVzEj37VrJ8XrDOFXefKQQRdmbSjBYDC+ASVYS8g1QcCkuiDgNgLmdC/xtg8Cgv//8uXLCTPJdBS0u2Hj09pKIZmFOKs+Y1wwKWP9aqIz8sLCAkLmDC6IL+xEEXJ1AlWRKQjYiECxKZdWPKJBQFjgmTb1s0PqIOORl0odhDKEFxe7yaYii8eFzLSIP5uMIwRmuFgoRAhHFGPg9lT6Zr5XyNWMiBwLAh5DwMpLa6guplMdYNU3zC5TiUMAUkVBfAAslL2i1ABDxZ+16gefy/MVENQVXOClZXcZmBvbLVnkCQKCgC0IJOOlhVdmhAVMlzrAauAwj8rPz6NE3WRBrPixwJgwA1677olwAkWrduI5V1hQGFHNCS8tmblGQCwHgoD3EEjESwtExKvnCAvotYIZLBag4lURYDzQr0J3jB8L3M+ZaVMZ2/Uq9RDsfrk4kf5HyJXRla0g4FEEkBfMWKArjLY4hBkeyoYNTxlv8dQ+qwjwI8Cv+1YdxDWYcSG/1+Znn4vISmtVP5Fz5vgCyONmdxFytRtRkScI2IxAvDM1kBFeneFTDzMoLxeoCGbcOiNqHAKMBY4BMPaHY4DdLruF1xJcMkZOOBIIuTK6shUEPIpAgS/PsmfGWR/P8hBer2ZjjWV9r53ctWv3oDgEPCaOaLX/wP64HAMSHVueiVydSPci5JroU5H6goDLCMTjpQV1ADIL1NTU2KKTdGOImJFzHAK8/vvycvXCFdQF0SJa2dUvc/AWmHbZXYRc7UZU5AkCDiAQy0sLsz02qF+4aKEDrTsnEtYMb+5/S7/+H62t1ePYsH591IhWdvWkbMwYMgZvuVDfYJfosBwh1zAUsiMIeBeBWF5a/YkGb07KoN4LI0YwGaTrrhhfQTt27LBdv2o1xpLS4ojgLVZ1Uj0ndq6pIij3CwJpRICzwW55oT/VShq7klLTmMF+8KsPUpKRyM35vvzI4C3KIsHuIjNXuxEVeYKAAwiYXWA56Aia8hf5qax0jAOtZq9Ic/AWJ0Yq5OoEqiJTEHAJgdxRo6m9o11lMb3kUovZ0QyCtxT6B3JptXUMJC20a4RCrnYhKXIEAQcRMMcXMDYFH/mmRiFXIyZD7SN4S74ycePgLUPVT+a6kGsyqMk9goDLCJjjCxi9tODG2dTU5HKPMr+58vJARPAWu0ck5Go3oiJPEHAAgWjxBdjovtsBO00HhuEpkQgiY4wvYHfnhFztRlTkCQIOIGCOL2BuIijkaoZkyOPCwgGd65CVk6gg5JoEaHKLIOA2Avkmd020z2ZY2O8I2r8gA7lSkkdAyDV57OROQcA1BKJlgeUOBIVcGQrPbIVcPfMopCOCQHQErOILcO283NHU1dWfsoTPyXZoBC5etD/MoLFVIVcjGrIvCHgYAXN8AXYkgI98U5P9vvEehiLlrvX09NCxY8cIUcRQYC9sdxFytRtRkScIOIRAtPgCiHnaFeomEIaU+BDYvXO3ztjAi1q/Nz4Q340J1BJyTQAsqSoIpBOBKTdPitp8sL2DQqH+LARRK8kFjcC+ffto186dFBg3QKj33PuHtqMjgVtsh1QECgLOIDB9xjSifQOy+x0JinQAEqR9aW9vp+Li4oEKw3wPM/mGhgbtGnz2zDm61NhIR2s/ond//nMVpDuf8vN8Ol0OZq2fu22G7WgJudoOqQgUBJxBYOLECeQvLqL2tsFmV7AWGI7mWB3BIF1S3mn19ef1a37TxSY6f6GeLjaq7e/OEWIGIPYCXIThMIDFv7GBgM7dxXnI1j3hTCJHIVdnvgciVRBwBIEnv7eGnq7ZFCEbizFtza10XhEMYqNmS2lTWV8xG+/t7aW29lYdP+HcmTo6r2ajWOkPdgbDBIrxG72tQKKYneaOztVRw8wLViBWzFgfXf1tgiWGE0XI1QlURaYg4BACmL1+//vfpR/84MVwC3CBBbGcOH7CkXxT4YZs3rF6bWfirDt7hqBHBgnCWQKWEUjFYiRQX4FPB7wGgWI2Gm8BqULH6oQqwNgHIVcjGrIvCGQAAiCFlSsepp279oR7C6I5WnssfOyVnWiv7bDLBYG2trRRU3Nj+LUd/casE+ZlsIIAcaJgyyv7+kQc/0DKE6uqVGjBAqqqqlQqFb/a3kD4gXKjCLm6gbK0IQjYjMD8+Z/XRLFt24tKf+jTr77/dfhX9FuVjtrttNrNzS10oeG8VktEe22H3jPUOWDNMNRreyJwYSY6riKgEzOCQAOBsTR+/Di1uOdPRIztdYVcbYdUBAoC7iCAGdhdc2bTkSPH9Mo3khS+9Dc/sj25n9Xr+6n/+1/tFcav761KPxrrtb28bCxRWeK4YPZZXFREVRNuUK/+15Nv9GiqVPsIZIPssekm0FgjEnKNhY5cEwQ8jsCdc2ZpcoVusrKyig4e/CndOaeali1bllDPo72+86p7qLtnyNf3RF/buYNWr++YfZYq8kRMBacWnLh9p7ZCrk4hK3IFARcQmDp1Mk2ZchOdPPkbbV4Ed87nN28lmCTdPvMOqqgYT8gX1d7eps2Vmi9dos6uTkL8V148gutsi3q1Z7Mlu1/f8doOvWdhYaFewcfsk/WfXp99pvIIhVxTQU/uFQQ8gMDqv1hBjz+2Xq+slygnAiz+vPSjlxSR9etiYSzf1R2KsPc0dtu46p7o63smv7YbMXBiX8jVCVRFpiDgMgKbt2yg57dsJ7y+w6YTKgIUkB/0oSBcTZxJ9CtbX9uTgCKhW4RcE4JLKgsC3kQACztbt9bQP71xQOtguZcgWrMBPV8zbn15uSo9d6nlqnuBSuSXqXpP4xjd3hdydRtxaU8QcAgBEOBD3/o6zVNmWv9x6D06/vEJPZPl5kCgmbjqzv3PtK2Qa6Y9MemvIDAEAjDRYkP5trb2cG0vmy2FO5lFO0KuWfQwZSiCgBkBIVQzIu4dSzxX97CWlgQBQWAYISDkOowetgxVEBAE3ENA1ALuYe3pluJZUfb0ABLoHKJIJVsC1ys3TimCQBwICLnGAVK2V8EqM2wZkyVYeNxkSslTfYVBfbLlJ+/8KyEjAC8YJStH7st+BIRcs/8ZxxzhIWWy87N336VgSK0qJ8k5B//tZ1StfNy9Pqv7VKX92PvGW9pTKSYoMS6+ue8A5bxNyqRpAt2zYAEhOpUUQcAKgREff/zrq1YX5Fz2InD69Bn6qPY4gRQhnpL/AAAEYUlEQVSDnf0pQ/o+JcpRP7WpbJ/Z+CTB192rZcMzm6juzBlbu1dYUEQzZ91B9y38sud/XGwduAgbEgEh1yEhyp4KDSo1xj/845v04dGjjg3qtd2veNKb58SJT2jLC9scGzcEL7t/CS2678uOtiHCMweB5DX7mTNG6alCALrCdd9b7yixAuj3fnnYk3j/5/sfON6vfW8foEdXfZdA5FIEASHXLP8MwENn+w9fInzx3SiHjxxxo5mE2zitIvS7UaBmwQwZP2ZShjcCQq5Z/PyhW/3OqjWOz1aNEDa3thoPPbNfVlLial/wY4YfNSnDFwEh1yx99ng13fjsJr1I5eYQJ954o5vNxd3W7Jkz465rV0Xotnfv2WuXOJGTYQgIuWbYA4unu24s3lj1o7MtRF+9f7HVpbSfg8kU+ud2OXTokOhg3QbdI+2JtYBHHoSd3fjGQ9+2U1xcskBcf3LfH9MjDz9IV/v69D3BYH9Epu7LkaR2+fLlsMzeXmUDdq30XbnCu0Nuc0aNiqgzcmS/yfZok0ND3mifrldY6Kf9b79De/7udSoPlEXc6/QBzLVefflFp5sR+R5DQJwIPPZAUu1OOlaqQazI3VQ5zk/Hjr1HLS39pJrqWOy8v7TUT1OnjKXJk6bQJ6dOukqwWOTCwqJEqLLziXpflqgFvP+MEuphQ0NjQvVTrQxiRQ76h761kCpuGOtJYsUYmfD//JFFmmCbGpq1w0Sq45f7BYFoCAi5RkMmQ88jJbFbhXWYi76ySM1c/WECc6v9RNsxEmx1dTU1X2p2RQ8LtYDMWhN9WplfX9QCmf8MI0YA91N8mdmtNeKiTQdMqoFxAVp833xPz1jNQwbB4odgyZJ5VFU5gd5//z2qP19PPpUhtaC4Xz9rvifZY7gSI011zVNPJitC7stgBGRBK4MfXrSuQ7+3+vE10S4ndZ6JAjfD3GrW7FkqOlRAy+IZYVKC03gTz7ZPfdJCvz5ymBouNKicUyFbiJbVJV//xlfFJTaNzzidTQu5phN9B9sGwW7b8WJKgUp6Q33U3XM5TDhI1zxnTnXGk6oRdhAsl49qG+jEyZN07uw5peJo4dNapzxiVE5Mm2H+8WFyxqz+sRXL6JY75oTlyM7wQkDINcufN4cUHCoaFBOpEQ68Jpf5x1JFRYCqqiZkFakax8n7TLSYif/uXEgTbWtLGwWDHer1vkv/0HBd89ZX4CN/kZ8mVlXRgj+aS1MmT6Eiv7teYeY+yXF6ERByTS/+rrUOV9i6unME33+4qDY3NRP0shxiMDcnj0qKi2nUqOuotKxUk2lZaY7Wp3InM/X1n/ufyNZItLgPZIvS1dWtcAtSd6hTHy+65y4K9Y2gCROqqHxMgEbkyBqxBkb+kZCrfAg0AggkPfK669QsrZ1g9N/V1UnBS03UGurS1zuUmgHFV5A5WQd0h5P8F+q8TEXF/SqDEl8+5fvVD49a9IKTAhwT/MVldPVqv7NEkk3IbVmOwP8DDuHI2EA9yjgAAAAASUVORK5CYII=','http://file','2021-01-18 06:16:25',1,4,1),(5,'New 999','asdf','https:///','','2021-01-18 09:37:22',1,4,2);
/*!40000 ALTER TABLE `news` ENABLE KEYS */;
UNLOCK TABLES;

--
-- Table structure for table `token`
--

DROP TABLE IF EXISTS `token`;
/*!40101 SET @saved_cs_client     = @@character_set_client */;
/*!40101 SET character_set_client = utf8 */;
CREATE TABLE `token` (
  `id` int(11) NOT NULL,
  `token` varchar(500) NOT NULL,
  `stt` int(11) DEFAULT NULL,
  PRIMARY KEY (`id`),
  KEY `token_token_IDX` (`token`) USING BTREE
) ENGINE=InnoDB DEFAULT CHARSET=utf8;
/*!40101 SET character_set_client = @saved_cs_client */;

--
-- Dumping data for table `token`
--

LOCK TABLES `token` WRITE;
/*!40000 ALTER TABLE `token` DISABLE KEYS */;
INSERT INTO `token` VALUES (1,'eyJhbGciOiJIUzI1NiIsInR5cCI6IkpXVCJ9.eyJpZCI6NCwidXNlciI6Im5veSIsImlhdCI6MTYxMDM1MDc2MH0.nfX9YLpwBHAKx1mPbzIn15sLPA5eLLTcq3Ip3OaIv3k',0);
/*!40000 ALTER TABLE `token` ENABLE KEYS */;
UNLOCK TABLES;

--
-- Table structure for table `users`
--

DROP TABLE IF EXISTS `users`;
/*!40101 SET @saved_cs_client     = @@character_set_client */;
/*!40101 SET character_set_client = utf8 */;
CREATE TABLE `users` (
  `id` int(11) NOT NULL AUTO_INCREMENT,
  `user` varchar(255) DEFAULT NULL,
  `pass` varchar(255) DEFAULT NULL,
  `created_at` timestamp NOT NULL DEFAULT current_timestamp() ON UPDATE current_timestamp(),
  `stt` int(11) DEFAULT NULL,
  `role` varchar(100) DEFAULT `user`,
  `tk` varchar(500) DEFAULT NULL,
  PRIMARY KEY (`id`)
) ENGINE=InnoDB AUTO_INCREMENT=14 DEFAULT CHARSET=utf8;
/*!40101 SET character_set_client = @saved_cs_client */;

--
-- Dumping data for table `users`
--

LOCK TABLES `users` WRITE;
/*!40000 ALTER TABLE `users` DISABLE KEYS */;
INSERT INTO `users` VALUES (1,'mounoydev','New2021','2021-01-11 09:32:04',1,'user',NULL),(2,'1234','1234','2021-01-11 09:32:04',1,'user',NULL),(3,'mdev','12345','2021-01-11 09:32:04',1,'user',NULL),(4,'noy','1234','2021-01-18 06:55:22',1,'admin','eyJhbGciOiJIUzI1NiIsInR5cCI6IkpXVCJ9.eyJpZCI6NCwidXNlciI6Im5veSIsInJvbGUiOiJhZG1pbiIsImlhdCI6MTYxMDk1MjkyMX0.Ge30cqDrLFf9ZdKoDHU-poq_rrLaNKpSQVqhvapNrSY'),(5,'testdev','123','2021-01-11 09:32:04',1,'user',NULL),(6,'souksavath','123456','2021-01-12 05:50:42',0,'souksavath',NULL),(7,'souksavath2','123456','2021-01-13 09:31:24',1,'admin','eyJhbGciOiJIUzI1NiIsInR5cCI6IkpXVCJ9.eyJpZCI6NywidXNlciI6InNvdWtzYXZhdGgyIiwiaWF0IjoxNjEwNTMwMjg0fQ.vbj-ocq4_5k5bluA0m7QBbGxrrg6nd8_kldZRrE1syU'),(8,'savaeng','111222','2021-01-12 07:44:00',1,'admin',NULL),(9,'mon','123456','2021-01-12 07:53:04',1,'mon',NULL),(10,'air','1122','2021-01-12 07:53:35',1,'air',NULL),(11,'lanoyphibar','1111111','2021-01-12 07:57:49',1,'lanoyphibar',NULL),(12,'vaeng','123456','2021-01-13 07:20:15',1,'vaeng',NULL),(13,'admin','1234','2021-01-18 08:35:50',1,'admin','eyJhbGciOiJIUzI1NiIsInR5cCI6IkpXVCJ9.eyJpZCI6MTMsInVzZXIiOiJhZG1pbiIsInJvbGUiOiJhZG1pbiIsImlhdCI6MTYxMDk1ODk1MH0.J90K_ZkOcvQCaLZTyJqp8FKrtfBcvl1sITypr69gV_E');
/*!40000 ALTER TABLE `users` ENABLE KEYS */;
UNLOCK TABLES;

--
-- Dumping routines for database 'newsapp'
--
/*!40103 SET TIME_ZONE=@OLD_TIME_ZONE */;

/*!40101 SET SQL_MODE=@OLD_SQL_MODE */;
/*!40014 SET FOREIGN_KEY_CHECKS=@OLD_FOREIGN_KEY_CHECKS */;
/*!40014 SET UNIQUE_CHECKS=@OLD_UNIQUE_CHECKS */;
/*!40101 SET CHARACTER_SET_CLIENT=@OLD_CHARACTER_SET_CLIENT */;
/*!40101 SET CHARACTER_SET_RESULTS=@OLD_CHARACTER_SET_RESULTS */;
/*!40101 SET COLLATION_CONNECTION=@OLD_COLLATION_CONNECTION */;
/*!40111 SET SQL_NOTES=@OLD_SQL_NOTES */;

-- Dump completed on 2021-01-18 16:48:08
